q0,q1,q2,q3,q4,q5,q6,q7,q8,q9,q10,q11,q12,q13,q14,q15,q16,q17,q18,q19,q20,q21,q22,q23,q24,q25,q26,q27,q28,q29,q30,q31,q32,q33,q34,q35,q36,q37,q38,q39,q40,q41
46433163,,,,,,,,,,,,,,,,,,,,,,,,,,,,,,,,,,,,,,,,,Wants more obscure historical figures to be added so more famous scholars are recognized.
46430518,,,,,,,,,,,,,,,Homestead/base-building with interactions with historical characters (名士).,True,,,,,,,,,,,,,,,,,,,,,,,,,Requests more homestead gameplay and interactive content with famous figures.
46416533,,,Element-counter team battles; player used multiple countering attributes yet still lost to weaker-looking enemies.,-2.0,Combat outcomes feel inconsistent with attribute advantage and higher power; high-power heroes die quickly and repeated attempts still fail.,Elemental counter system; attribute advantages.,-1.0,Perceived ineffectiveness of counters undermines tactical clarity.,-1.0,Repeated failures despite higher power stalled progression.,-2.0,High-power heroes get killed in a few hits; suggests poor balance.,,,,,,,,,,,,,,,,,,,,,,,,,,,,,
46415527,,,,,,,,,,,,,,,,,,,,,,,,,,,,,,,,,,,,,,,,,
46403069,,,,,,,,,,,,,,,Historical simulation/management loop alongside core gameplay.,True,,,,,,,,,,,,,,,,,,,,,,,,,
46397565,,,,,,,,,,,,,,,,,,,,,,,,,,,,,,,,,,,,,,,,,
46389766,,,,,,,,,,,,,,,,,,,,,,,,,,,,,,,,,,,,,,,,,Accused of being a low-budget copy of Wangchuan Fenghua Lu.
46385120,,,,,,,,,,,,,,,,,,,,,,,,,,,,,,,,,,,,,,,,,Combat skill casting occasionally stutters; asks for better optimization.
46382690,,,,,,,,,,,,,,,,,,,,,,,,,,,-2.0,Predicts players must spend heavily monthly to access content and stay on leaderboards.,-2.0,"Expects aggressive monetization (monthly/lifetime cards, funds) and pay-to-win escalation after week one.",,,,,,,,,,,Warns of severe pay-to-win pressure and sunk-cost trap.
46380432,,,,,,,,,,,,,,,,,,,,,,,,,,,,,,,,,,,,,,,,,No open-world exploration found; considers this a missed opportunity despite good art and systems.
46363670,,,,,,,,,,,,,,,,,,,,,,,,,,,,,,,,,,,,,,,,,
46361942,,,,,,,,,,,,,,,,,,,,,,,,,,,,,,,,,,,,,,,,,Criticizes promotional focus on Wu Zetian; questions creative direction and game quality.
46360980,,,,,,,,,,,,,,,,,,,,,,,,,,,,,,,,,,,,,,,,,"Visuals are clear, smooth, and high-quality."
46359192,,,Five-element lineup system with elemental counters.,-1.0,Advertised five-element counters feel meaningless when one element (Gold) dominates and Water is weak.,"Five elements (Metal, Wood, Water, Fire, Earth) with counters.",-1.0,Dominant meta reduces the impact of counter relationships.,,,-2.0,Gold teams overpower others; Water teams are so weak few play them.,-1.0,Element imbalance pushes everyone into the same dominant team.,,,,,,,,,,,,,,,,,,,,,,,,,,,
46347716,,,,,,,,,,,,,,,,,,,,,,,,,,,,,,,,,,,,,,,,,Female characters look good; asks to improve male character designs.
46334604,,,,,,,,,,,,,,,,,,,,,,,,,,,,,,,,,,,,,,,,,Wants historical accuracy; avoid rewriting history and forced CP pairings.
46332010,,,,,,,,,,,,,,,,,,,,,,,,,,,,,,,,,,,,,,,,,
46331851,,,,,,,,,,,,,,,,,,,,,,,,,,,,,,,,,,,,,,,,,Pleads for long-term support; hopes the game won’t be abandoned.
46310980,,,,,,,,,,,,,,,,,,,,,,,,,,,,,,,,,,,,,,,,,Tests of about two weeks feel too short; wants open beta sooner.
46266875,,,,,,,,,,,,,,,,,,,,,-2.0,Pre-registered for two years; promised September launch but no firm date yet.,,,,,,,,,,,,,,,,,,,
46210017,,,,,,,,,,,,,,,,,,,,,,,,,,,,,,,,,,,,,,,,,Suspects AI/mashup artwork and pose borrowing from Black Myth: Wukong; originality concerns.
46182736,,,,,,,,,,,,,,,,,,,,,,,,,,,,,,,,,,,,,,,,,Unexpected maintenance.
46173905,,,,,,,,,,,,,,,,,,,,,,,,,,,,,,,,,,,,,,,,,Summon item (指名拜帖) is hard to obtain; wants to pull limited Li Bai.
46163682,,,,,,,,,,,,,,,,,,,,,,,True,Normal recruit banner description claims a 400-pull pity for top rarity (Tian); player got Tian in ~60 pulls.,,,,,,,,,,,,,,,,,Reports early top-rarity pull versus a stated 400-pull pity.
46154031,,,,,,,,,,,,,,,Assign historical figures to facilities like a restaurant/food stall; characters can appear as proprietors.,True,,,,,,,,,,,,,,,,,,,,,,,,,
46152647,,,Early-game boss fights have flashy skills but low actual threat.,-1.0,Misleading difficulty presentation creates a false sense of strength.,,,,,,,,,,,,,,,,,,,,,,,,,,,,,,,,,,,,
46143222,,,,,,New 'Liangyi' (Two Instruments) attribute introduced.,,,,,,,,,,,,,,,,,,,,,,,,,,,,,,,,,,,
46137345,,,,,,,,,1.0,"Before account level 21, resetting hero/artifact upgrades is free and refunds copper, making early progression forgiving.",,,,,,,,,,,,,,,,,,,,,,,,,,,,,,,
46126225,,,,,,,,,-1.0,"Early tasks are repetitive (cleaning sludge, building huts, farming/harvesting); suggests shortening.",,,,,,,,,,,,,,,,,,,,,,,,,,,,,,,Repetitive early chores.
46113836,,,,,,Faction synergy bonuses; concern that all-Liangyi teams might miss faction buff.,,,,,,,,,,,,,,,,,,,,,,,,,,,,,,,,,,,
46098087,,,,,,Liangyi attribute units.,,,,,-1.0,Predicts Liangyi will be T0; Nezha is very strong now.,-1.0,Few Liangyi heroes currently limits team-building variety.,,,,,,,,,,,,,,,,,,,,,,,,,,,
46092422,,,,,,,,,1.0,"Content spans from ancient times to modern, suggesting long-term play potential.",,,,,,,,,,,,,,,,,,,,,,,,,,,,,,,
46052931,,,,,,,,,,,,,,,City/base building with placement of farming and production buildings; limited map space constrains layouts and decorations.,True,,,,,,,,,,,,,,,,,,,,,,,,,Map feels too small for both production buildings and decorations.
46039561,,,,,,,,,,,,,,,,,,,,,,,,,,,,,,,,,,,,,,,,,Accuses copying of Wangchuan Fenghua Lu’s gacha presentation and rarity UI.
46036774,,,,,,,,,,,,,,,Buildings should visually evolve to match the current dynasty to enhance progression feel.,,,,,,,,,,,,,,,,,,,,,,,,,,Suggests stronger dynasty-themed building visuals; otherwise satisfied with gameplay.
46033912,,,,,,,,,,,,,,,,,,,,,,,,,,,,,,,,,,,,,,,,,Complains Li Bai’s portrait and clothing are poorly done; asks for improvements.
46025095,,,,,,,,,,,,,,,,,,,,,,,,,,,,,,,1.0,Test rewards were decent; hopes launch matches them.,,,,,,,,,Another test occurred soon; warns game may be hard to play if launch rewards are worse than test.
46006003,,,,,,,,,,,,,,,,,,,,,,,,,,,,,,,,,,,,,,,,,Questions who copied whom between this and a similar title.
45783600,,,Combat features many overlapping skills/effects that reduce readability.,-1.0,Hard-to-read skill spam and occasional stutter hurt combat feel.,,,,,,,,,,,,,,,,,,,,,,,,,,,,,,,,,,,,Needs performance optimization; suggests rebalancing resource outputs for the pay test.
45743183,,,,,,,,,,,,,,,,,,,,,,,,,,,,,,,,,,,,,,,,,Login loop is heavy on clearing red dots/tasks; do dailies then logout.
45575226,,,,,,Testing different elemental lineups/meta.,,,,,-1.0,Gold-element teams seem overtuned and dominate leaderboards.,,,,,,,,,,,,,,,,,,,,,,,,,,,,,
45516979,,,Up to five-hero mostly auto battles; same-faction bonuses and five-element counters.,0.0,Serviceable combat but roles (tank/support/DPS) lack clear differentiation.,Elemental synergies and role composition; multiple small dungeons with desire for battle skip.,0.0,Elements/roles add variety but blurred roles limit depth.,0.0,Smooth early growth followed by resource bottlenecks and single-queue building upgrades slowing progress.,-1.0,Backliners can be tankier than frontliners; role balance needs work.,,,"Management drives resources: timed building upgrades (limited concurrent slots), assign residents and heroes to production (copper, wood, grain, meat, stone), planting/harvesting, run a restaurant by unlocking recipes to earn coins, use a school to share levels, and board-based 'Huishi Records' exploration with events and battles.",True,-1.0,Multiple subsystems and manual steps; requests more automation and more concurrent building upgrades.,0.0,"Early resources are plentiful, but shortages begin around account level 20; restaurant coin income helps yet overall balance needs tuning.",,,,,,,,,,,,,,,,,,,,,Requests more interaction with famous figures and improved resource balance/automation.
45480155,,,Up to five-hero auto/idle battles with same-faction bonuses and five-element counters.,1.0,"During the test, multiple elemental teams (Gold/Water/Fire) were viable.",Element counters; faction bonuses; team composition choices.,1.0,Several viable elemental lineups during test indicate some strategic depth.,1.0,Did not feel hard-stuck during the test.,,,,,"Simulation/management with timed construction, resource buildings (fields/wood/stone/coin), assign population and heroes, restaurant unlocking recipes to sell for coins, and 'Huishi Records' grid exploration with events/battles.",True,0.0,,0.0,Restaurant coins help but late-game coin needs spike due to soldier/hero upgrades.,,,,,,,,,,,2.0,Test gave many pulls; completed the collection.,,,,,,,,,Minor display bugs and occasional stutter.
45436964,,,,,,,,,-1.0,Progression had notable stage walls that caused blockage.,,,,,,,,,,,,,,,,,,,,,,,,,,,,,,,Portrait art is good.
45431273,,,,,,,,,,,,,,,,,,,,,,,,,,,,,,,1.0,"Test gave plenty of summon invitations (拜帖), but 'Treasure Peepers' for relic exploration felt scarce.",,,,,,,,,Wants more ways to obtain 窥宝镜 for relic exploration.
45426515,,,,,,,,,,,,,,,,,,,,,-2.0,Comment from 2021; still no open beta by 2025.,,,,,,,,,,,,,,,,,,,
44721663,,,,,,,,,,,,,,,,,,,,,,,,,,,,,,,1.0,Test welfare is good; hopes live version keeps at least a third of it.,,,,,,,,,Concern about rarity tiers and constellation (命格) requiring many duplicate shards; uneven pulls across the Su family characters noted.
45273518,,,"Core is stage-pushing via gacha: pull heroes, train soldiers, equip gear, unlock constellations, upgrade skills; 5v5 with each hero carrying a costly-to-train soldier type.",-1.0,Feels like a number-chasing game centered on raising battle power.,Five elements with same-faction bonuses; soldier training and rank gates; many systems unlock with level.,-1.0,Raw stats and heavy upgrade demands overshadow tactics.,-1.0,"Key functions (energy refill, skip) unlock later; early level caps throttle day-1 progress.",,,,,"Management exists but contributes little: long crop timers, restaurant high cost/low returns; main income from passive cargo stacks.",True,-1.0,Many steps with poor payoff in the sim layer; feels cumbersome.,-1.0,Farming/restaurant give poor coin returns versus massive training costs; rely on passive building income.,,,False,,,,,,-1.0,No top-rarity pity on character and weapon banners; heavy reliance on dupes and upgrades.,,,,,,,,,,,"Lists multiple pain points across gacha, economy, gating, and rewards."
45272830,,,,,,,,,,,,,,,,,,,,,,,,,,,,,,,,,,,,,,,,,Praises some female character portraits.
45231709,,,,,,,,,,,,,,,,,,,,,,,,,,,,,,,,,,,,,,,,,"Requests no BL/‘shipping’, less apocrypha, more distinct faces, and attention across all dynasties."
45178691,,,,,,,,,,,,,,,,,,,,,,,,,,,,,,,,,,,,,,,,,Wants historical accuracy; avoid apocryphal stories.
44730446,,,Several PvE modes (尘世卷/校武/纸上/征战) require manual clears; only some allow sweep after clear; grindy overall.,-1.0,Combat loop is tedious with too many manual battles.,No obvious elemental/unit-type counters in test; heroes provide coarse building buffs (worker/farmer/merchant).,-1.0,Lack of counters and shallow interactions reduce tactical variety.,-1.0,"Daily routine is collect, upgrade numbers, climb tower; felt out of content after two days.",,,,,Sim layer is highly restricted: fixed buildings that auto-unlock; mostly upgrade/harvest; restaurant sales preset; some recipe materials gated by premium currency; little customization.,True,2.0,Secondary loop is oversimplified and constrained by fixed rules.,-1.0,Resource generation tied to timers and premium purchases; limited agency to improve yields.,,,,,,,-1.0,"Some basic materials (e.g., for recipes) require premium currency, limiting non-spenders.",,,,,,,,,,,,,"Wants richer city-building, cooking systems, hero NPC interactions, and better dynasty mechanics."
44725060,,,,,,,,,,,,,,,,,,,,,,,,,,,,,,,,,,,,,,,,,Low rate (or bad luck) for Gold-rarity in the standard pool.
44723273,,,,,,,,,,,,,,,,,,,,,,,,,,,,,,,,,,,,,,,,,Login reward requires completing tasks; feels stingy.
44718954,,,Traditional 5v5 turn-based combat focused on raising battle power.,-1.0,Outdated combat model feels uninteresting.,,,,,,,,,,,,,,,,,,,,,,,,-1.0,Expecting high monetization; high-star units are much stronger than low-star.,,,,,,,,,,,
44705950,,,,,,,,,,,,,,,Farming/management loop similar to other planting games.,True,,,,,,,,,,,,,,,,,,,,,,,,,Beautiful visuals and a decent story; praises Lei Zu.
44702786,,,,,,,,,,,,,,,,,,,,,,,,,,,,,,,,,,,,,,,,,
44698587,,,,,,,,,,,,,,,,,,,,,,,,,,,,,,,,,,,,,,,,,
44690213,,,,,,,,,,,,,,,,,,,,,,,,,,,,,,,,,,,,,,,,,Art style looks good.
44676380,,,,,,,,,,,,,,,,,,,,,,,,,,,,,,,,,,,,,,,,,"Requests serious, accurate historical storytelling without apocrypha or agenda-driven interactions."
44589068,,,,,,,,,,,,,,,,,,,,,,,,,,,,,,,,,,,,,,,,,"Excited by multi-dynasty scope promising rich, varied content."
44550816,,,,,,,,,,,,,,,,,,,,,,,,,,,,,,,,,,,,,,,,,Very excited; art style strongly appealing.
44500975,,,,,,,,,,,,,,,,,,,,,,,,,,,,,,,,,,,,,,,,,Art looks good; pre-registered.
44451981,,,,,,,,,,,,,,,,,,,,,,,,,,,,,,,,,,,,,,,,,
44411292,,,,,,,,,,,,,,,,,,,,,,,,,,,,,,,,,,,,,,,,,
44302898,,,,,,,,,,,,,,,,,,,,,,,,,,,,,,,,,,,,,,,,,Wants balanced representation of male and female characters.
44255984,,,,,,,,,,,,,,,,,,,,,-2.0,Long delays and fear of slipping to 2026; waiting is agonizing.,,,,,,,,,,,,,,,,,,,Very eager for a historical-themed game.
44238354,,,,,,,,,,,,,,,,,,,,,-2.0,Asks if the game has been indefinitely delayed (‘pigeoned’).,,,,,,,,,,,,,,,,,,,
40984624,,,,,,,,,,,,,,,,,,,,,,,,,,,,,,,,,,,,,,,,,Wants historical rigor and no propaganda; asks for open beta timing.
44035942,,,,,,,,,,,,,,,,,,,,,,,,,,,,,-1.0,Expects the game to be pay-heavy.,,,,,,,,,,,
44017893,,,,,,,,,,,,,,,,,,,,,-2.0,First test in 2022; still no launch; worries about abandonment.,,,,,,,,,,,,,,,,,,,
43890085,,,,,,,,,,,,,,,,,,,,,,,,,,,,,,,,,,,,,,,,,
43817530,,,,,,,,,,,,,,,,,,,,,,,,,,,,,,,,,,,,,,,,,Seems similar to Wangchuan Fenghua Lu.
43688214,,,,,,,,,,,,,,,,,,,,,,,,,,,,,,,,,,,,,,,,,Encourages accurate educational content and serious development.
43579797,,,,,,,,,,,,,,,,,,,,,,,,,,,,,,,,,,,,,,,,,Very期待 refined ancient-style art and nurturing gameplay.
43506223,,,,,,,,,,,,,,,,,,,,,,,,,,,,,,,,,,,,,,,,,
43505775,,,,,,,,,,,,,,,,,,,,,-2.0,Pre-ordered for three years without release.,,,,,,,,,,,,,,,,,,,
43295250,,,,,,,,,,,,,,,,,,,,,,,,,,,,,,,,,,,,,,,,,"Hopes for low-grind, low-spend design (though difficult to achieve) and strict historical accuracy to avoid backlash."
42233961,,,,,,,,,,,,,,,,,,,,,-2.0,Pre-registered since March 2022; still no release date.,,,,,,,,,,,,,,,,,,,
43202550,,,,,,,,,,,,,,,,,,,,,,,,,,,,,,,,,,,,,,,,,
43201315,,,,,,,,,,,,,,,,,,,,,-2.0,Jokes that release might take a lifetime due to long delay.,,,,,,,,,,,,,,,,,,,
43186785,,,,,,,,,,,,,,,,,,,,,,,,,,,,,,,,,,,,,,,,,
43115793,,,,,,,,,,,,,,,,,,,,,,,,,,,,,,,,,,,,,,,,,Portraits look attractive.
42951132,,,,,,,,,,,,,,,,,,,,,-2.0,Reserved for two years; still awaiting a test.,,,,,,,,,,,,,,,,,,,
42908402,,,,,,,,,,,,,,,,,,,,,,,,,,,,,,,,,,,,,,,,,
42884827,,,,,,,,,,,,,,,,,,,,,,,,,,,,,,,,,,,,,,,,,Wants the Four Beauties included.
42830491,,,,,,,,,,,,,,,,,,,,,,,,,,,,,,,,,,,,,,,,,Art is cute and appealing; warns historical science content must be handled carefully.
42822487,,,,,,,,,,,,,,,,,,,,,,,,,,,,,,,,,,,,,,,,,Art looks good; asks when open beta will start.
42822353,,,,,,,,,,,,,,,,,,,,,-2.0,Nearly four years of reservation without release.,,,,,,,,,,,,,,,,,,,
42800303,,,,,,,,,,,,,,,,,,,,,,,,,,,,,,,,,,,,,,,,,Asks whether Qin Shi Huang (Ying Zheng) will be included.
42738778,,,,,,,,,,,,,,,,,,,,,,,,,,,,,,,,,,,,,,,,,
42734562,,,,,,,,,,,,,,,,,,,,,,,,,,,,,,,,,,,,,,,,,Compliments promo art for accurate historical clothing details (no qipao-style frog buttons).
42722404,,,,,,,,,,,,,,,,,,,,,,,,,,,,,,,,,,,,,,,,,Asks when the game will officially launch; waiting impatiently.
42708229,,,,,,,,,,,,,,,,,,,,,,,,,,,,,,,,,,,,,,,,,Asks when the next test starts; disappointed by delays.
42605418,,,,,,,,,,,,,,,,,,,,,,,,,,,,,,,,,,,,,,,,,"Asks whether the game includes farming, animal raising, and fishing systems or is only management/upgrading."
42604233,,,,,,,,,,,,,,,,,,,,,,,,,,,,,,,,,,,,,,,,,Likes the art style; choosing to observe before committing.
42603660,,,,,,,,,,,,,,,,,,,,,,,,,,,,,,,,,,,,,,,,,Requests that history not be heavily altered; will play if art is good and historically faithful.
42598795,,,,,,,,,,,,,,,,,,,,,,,,,,,,,,,,,,,,,,,,,States preference for history-themed games.
28291455,,,,,,,,,,,,,,,,,,,,,,,,,,,,,,,,,,,,,,,,,Notes the game obtained a publication license and is excited to finally play.
42515785,,,,,,,,,,,,,,,,,,,,,,,,,,,,,,,,,,,,,,,,,Interested in the feature that buildings change with dynasties; will be critical if expectations aren’t met.
42513437,,,,,,,,,,,,,,,,,,,,,,,,,,,,,,,,,,,,,,,,,Strongly wants a historically faithful experience; urges the team to launch soon.
42349740,,,,,,,,,,,,,,,,,,,,,,,,,,,,,,,,,,,,,,,,,Asks when the game will go online.
42338733,,,,,,,,,,,,,,,,,,,,,,,,,,,,,,,,,,,,,,,,,Hopes the game avoids heavy monetization pressure; willing to try at launch.
42328599,,,,,,,,,,,,,,,,,,,,,,,,,,,,,,,,,,,,,,,,,Looks forward to stories of historical figures and learning Chinese history through guofeng presentation.
42170656,,,,,,,,,,,,,,,,,,,,,,,,,,,,,,,,,,,,,,,,,Frustrated about long wait since reserving in 2022; asks for launch timing.
42114281,,,,,,,,,,,,,,,,,,,,,,,,,,,,,,,,,,,,,,,,,Asks when the game will launch.
42064312,,,,,,,,,,,,,,,,,,,,,,,,,,,,,,,,,,,,,,,,,Asks for official launch soon; expresses anticipation.
42051943,,,,,,,,,,,,,,,,,,,,,,,,,,,,,,,,,,,,,,,,,Expresses anticipation.
41945804,,,,,,,,,,,,,,,,,,,,,,,,,,,,,,,,,,,,,,,,,Asks when servers will open; concerned about lack of progress.
41936306,,,,,,,,,,,,,,,,,,,,,,,,,,,,,,,,,,,,,,,,,Asks how much longer until testing; laments no test yet.
41740763,,,,,,,,,,,,,,,,,,,,,,,,,,,,,,,,,,,,,,,,,Supports history-themed games; notes license obtained and hopes for early launch.
41604332,,,,,,,,,,,,,,,,,,,,,,,,,,,,,,,,,,,,,,,,,Requests respect for history and figures; suggests including deities in mythic eras; asks to avoid over-sexualized female designs and keep animations/expressions era-appropriate; eager for tests and launch.
41457656,,,,,,,,,,,,,,,,,,,,,,,,,,,,,,,,,,,,,,,,,Asks how long the wait will be.
41400485,,,,,,,,,,,,,,,,,,,,,,,,,,,,,,,,,,,,,,,,,Asks whether Qin Shi Huang (Ying Zheng) is in the game.
40603511,,,,,,,,,,,,,,,,,,,,,,,,,,,,,,,,,,,,,,,,,Requests a gameplay overview; praises distinctive character art; very excited.
40475141,,,,,,,,,,,,,,,,,,,,,,,,,,,,,,,,,,,,,,,,,Says art and described gameplay match their preferences; hopes for early launch.
40429189,,,,,,,,,,,,,,,,,,,,,,,,,,,,,,,,,,,,,,,,,Wants testing to start in May; praises art style; anticipates launch.
40379561,,,,,,,,,,,,,,,,,,,,,,,,,,,,,,,,,,,,,,,,,Focuses on visuals and costumes in guofeng games; likes the style here.
40354207,,,,,,,,,,,,,,,,,,,,,,,,,,,,,,,,,,,,,,,,,Asks to keep character models reasonable and not exaggerated.
40162239,,,,,,,,,,,,,,,,,,,,,,,,,,,,,,,,,,,,,,,,,Likes the art style; asks when it will launch.
40072542,,,,,,,,,,,,,,,,,,,,,,,,,,,,,,,,,,,,,,,,,"Feature requests: side stories for minor figures, festival/seasonal events (lantern riddles, theater, spring outings, New Year beast), explorable streets with shops, world chat, friend visits, guests at home, a ‘poet circle’ social feature, and optional deities; wants authentic historical anecdotes and more pre-registration rewards."
40051314,,,,,,,,,,,,,,,,,,,,,,,,,,,,,,,,,,,,,,,,,Waiting for open beta; lacks history-themed games to play.
39866193,,,,,,,,,,,,,,,,,,,,,,,,,,,,,,,,,,,,,,,,,Praises the art; wonders if it’s by artist Shuning.
39819480,,,,,,,,,,,,,,,,,,,,,,,,,,,,,,,,,,,,,,,,,Asks when it will be available.
39800186,,,,,,,,,,,,,,,,,,,,,,,,,,,,,,,,,,,,,,,,,Questions inclusion of fictional ‘Su Xiaomei’ and suggests also adding Su Baniang; asks about test timing.
39700068,,,,,,,,,,,,,,,,,,,,,,,,,,,,,,,,,,,,,,,,,Frustrated after nearly four years of reservation with no playable version.
31956104,,,,,,,,,,,,,,,,,,,,,,,,,,,,,,,,,,,,,,,,,Eager to spend and gacha for ‘Wu Huang’ at launch.
39639883,,,,,,,,,,,,,,,,,,,,,,,,,,,,,,,,,,,,,,,,,Hopes it isn’t grindy or pay-to-win; prefers buy-to-play with DLC; suggests adding fantasy scenarios at key historical turning points.
39626885,,,No combat focus; expected to be an idle/AFK placement-style nurturing game with a personal home where historical figures visit and converse (from the store description).,,,,,,,,,,,,,,,,,,,,,,,,,,,,,,,,,,,,,,Wants a home hub with visiting historical celebrities and story dialogues; asks for a firm launch timeline.
39451305,,,,,,,,,,,,,,,,,,,,,,,,,,,,,,,,,,,,,,,,,Asks whether Zhuge Liang will be included; very important to them.
39414059,,,,,,,,,,,,,,,,,,,,,,,,,,,,,,,,,,,,,,,,,Desperately wants open beta; will play regardless of playability due to history theme.
39318432,,,,,,,,,,,,,,,,,,,,,,,,,,,,,,,,,,,,,,,,,Sarcastically asks when the game will release; implies long delay.
39301156,,,,,,,,,,,,,,,,,,,,,,,,,,,,,,,,,,,,,,,,,Urges respect for history; opposes fictional characters like ‘Su Xiaomei’; monitoring the project closely.
39288965,,,,,,,,,,,,,,,,,,,,,,,,,,,,,,,,,,,,,,,,,Notes a competitor received a license; asks why this game hasn’t.
38691831,,,,,,,,,,,,,,,,,,,,,,,,,,,,,,,,,,,,,,,,,Impatient for release; strongly anticipates the game.
38002099,,,,,,,,,,,,,,,,,,,,,,,,,,,,,,,,,,,,,,,,,Jokes about whether they can play it before old age; frustrated by delays.
37906684,,,,,,,,,,,,,,,,,,,,,,,,,,,,,,,,,,,,,,,,,Asks developers to avoid ‘shady’ operations.
37828043,,,,,,,,,,,,,,,,,,,,,,,,,,,,,,,,,,,,,,,,,Mentions the license still hasn’t been approved.
37658965,,,,,,,,,,,,,,,,,,,,,,,,,,,,,,,,,,,,,,,,,Has waited long; urges the team to obtain the license.
37512876,,,,,,,,,,,,,,,,,,,,,,,,,,,,,,,,,,,,,,,,,Asks whether the game has obtained its license.
37405093,,,,,,,,,,,,,,,,,,,,,,,,,,,,,,,,,,,,,,,,,Again jokes about whether they can play it before old age; long wait concerns.
37396385,,,,,,,,,,,,,,,,,,,,,,,,,,,,,,,,,,,,,,,,,Asks that there be no ‘constellation’ or ‘artifact’ systems like in Genshin; tired of such systems.
37344968,,,,,,,,,,,,,,,,,,,,,,,,,,,,,,,,,,,,,,,,,Irritated about delays; jokingly calls out the devs for not launching yet.
37308053,,,,,,,,,,,,,,,,,,,,,,,,,,,,,,,,,,,,,,,,,Complains it has been many years with no release.
37304011,,,,,,,,,,,,,,,,,,,,,,,,,,,,,,,,,,,,,,,,,Asks when the game will launch.
37259443,,,,,,,,,,,,,,,,,,,,,,,,,,,,,,,,,,,,,,,,,Strongly anticipates the game; hopes there aren’t frequent pay pop-ups.
37259020,,,,,,,,,,,,,,,,,,,,,,,,,,,,,,,,,,,,,,,,,Urges the team not to betray players.
37240791,,,,,,,,,,,,,,,,,,,,,,,,,,,,,,,,,,,,,,,,,Sarcastically asks what year it is; implies long development.
37223602,,,,,,,,,,,,,,,,,,,,,,,,,,,,,,,,,,,,,,,,,Finds it niche but is excited.
37170441,,,,,,,,,,,,,,,,,,,,,,,,,,,,,,,,,,,,,,,,,Asks when the game will be online.
36842024,,,,,,,,,,,,,,,,,,,,,,,,,,,,,,,,,,,,,,,,,Asks if the project is still alive; hopes it hasn’t been canceled.
36674603,,,,,,,,,,,,,,,,,,,,,,,,,,,,,,,,,,,,,,,,,Likes the art style; asks when they can play.
36591657,,,,,,,,,,,,,,,,,,,,,,,,,,,,,,,,,,,,,,,,,Prefers not having turn-based combat; accepts weaker story if playability is high; warns against problematic developer behavior; praises the lighter art style; will reconsider if story and operations are very poor.
36573324,,,,,,,,,,,,,,,,,,,,,,,,,,,,,,,,,,,,,,,,,Very excited and looking forward to the game.
36546798,,,,,,,,,,,,,,,,,,,,,,,,,,,,,,,,,,,,,,,,,Says their experience and luck were good; requests adding Fan Zhongyan.
36537204,,,,,,,,,,,,,,,,,,,,,,,,,,,,,,,,,,,,,,,,,Asks rhetorically about timing; implies long wait.
36196487,,,,,,,,,,,,,,,,,,,,,,,,,,,,,,,,,,,,,,,,,States they like nurturing/raising (idle) games.
35719840,,,,,,,,,,,,,,,,,,,,,,,,,,,,,,,,,,,,,,,,,Likes the dynasty-switch UI; suggests unlocking dynasties progressively from Xia and worries about forgetting to claim ‘jade’ from that screen.
35654450,,,,,,,,,,,,,,,,,,,,,,,,,,,,,,,,,,,,,,,,,Asks the team to release quickly.
35614278,,,,,,,,,,,,,,,,,,,,,,,,,,,,,,,,,,,,,,,,,Hopes the gameplay isn’t boring and the team understands history.
35451474,,,,,,,,,,,,,,,,,,,,,,,,,,,,,,,,,,,,,,,,,Checks on the many reserved games; implies this one has been delayed for years.
35336678,,,,,,,,,,,,,,,,,,,,,,,,,,,,,,,,,,,,,,,,,Repeats suggestion on dynasty-switch UI and forgetting to claim ‘jade’; recommends progressive unlocking.
35223510,,,,,,,,,,,,,,,,,,,,,,,,,,,,,,,,,,,,,,,,,Reserved since Dec 2021; still no open beta.
35192825,,,,,,,,,,,,,,,,,,,,,,,,,,,,,,,,,,,,,,,,,Will play if Wang Anshi is included; otherwise not interested.
35053702,,,,,,,,,,,,,,,,,,,,,,,,,,,,,,,,,,,,,,,,,Very excited about the art style.
28611934,,,,,,,,,,,,,,,,,,,,,,,,,,,,,,,,,,,,,,,,,Believes it’s a passionate small team; urges strict respect for history and avoiding controversial or fabricated characters; asks about open beta timing and complains about long wait.
34997044,,,,,,,,,,,,,,,,,,,,,,,,,,,,,,,,,,,,,,,,,Critiques Hua Tuo’s facial depiction (forehead lines); asks to make him look like a divine physician.
34887599,,,,,,,,,,,,,,,,,,,,,,,,,,,,,,,,,,,,,,,,,Asks when open beta starts; has waited long and is anxious.
34845442,,,,,,,,,,,,,,,,,,,,,,,,,,,,,,,,,,,,,,,,,Praises the art; urges open beta.
34810348,,,,,,,,,,,,,,,,,,,,,,,,,,,,,,,,,,,,,,,,,Likes the art style a lot.
34792221,,,,,,,,,,,,,,,,,,,,,,,,,,,,,,,,,,,,,,,,,Asks when it can be downloaded after nearly a year of reservation; hopes it won’t disappoint.
34769802,,,,,,,,,,,,,,,,,,,,,,,,,,,,,,,,,,,,,,,,,"Dislikes overly commercial art styles; likes the clean, elegant look here; hopes gameplay delivers."
34697445,,,,,,,,,,,,,,,,,,,,,,,,,,,,,,,,,,,,,,,,,Loves the character art; hopes historical accuracy will allow them to ‘study’ as a student.
34690426,,,,,,,,,,,,,,,,,,,,,,,,,,,,,,,,,,,,,,,,,Gives tentative 3 stars due to history theme; worries many games distort history; will judge after launch.
34644266,,,,,,,,,,,,,,,,,,,,,,,,,,,,,,,,,,,,,,,,,Optimistic about the game; likes the art style.
34560967,,,Idle/tap-to-build management across dynasties; little to no combat focus; develop from Xia onward.,,,"Dynasty progression (Xia→Shang, etc.), building upgrades with construction timers, early hunting activity.",-1.0,Early gameplay is mostly tapping to build and waiting on timers; feels monotonous.,-1.0,"Initial constructions already take about a minute; only Xia and Shang are open in the described test, making the start feel slow.",,,1.0,"Mentions 33 characters from various eras, indicating variety.",Reading character bios/codex for educational lore and a light hunting minigame alongside building.,,1.0,Side activities like reading bios and simple hunting come across as straightforward and easy to grasp.,,,,,,,,,,,,,,,,,,,,,,,"Complains about the absence of Lü Bu among many heroes; appreciates cute visual touches (e.g., runny-nosed boar); praises the educational aspect."
34557663,,,,,,,,,,,,,,,,,,,,,,,,,,,,,,,,,,,,,,,,,Offers encouragement to the developers.
34513208,,,,,,,,,,,,,,,,,,,,,,,,,,,,,,,,,,,,,,,,,Coming from Ink Soul (Mo Hun); hopes this game remains sincere and true to its vision.
34433126,,,,,,,,,,,,,,,,,,,,,,,,,,,,,,,,,,,,,,,,,Asks how to participate in testing.
34400847,,,,,,,,,,,,,,,,,,,,,,,,,,,,,,,,,,,,,,,,,Likes history theme and relaxed nurturing; asks to ensure non-spenders have motivation and spenders don’t feel gouged; hopes the game won’t shut down soon after launch.
34395629,,,,,,,,,,,,,,,,,,,,,,,,,,,,,,,,,,,,,,,,,Choosing to observe; not particularly fond of the art style.
34316911,,,,,,,,,,,,,,,,,,,,,,,,,,,,,,,,,,,,,,,,,"Wants accurate, respectful portrayals: avoid flat labels, forced CPs, or touching controversial historical events; asks that costumes reflect their dynasties; likes the current art."
34293166,,,,,,,,,,,,,,,,,,,,,,,,,,,,,,,,,,,,,,,,,Asks when the game will launch; eager to play.
34212555,,,,,,,,,,,,,,,,,,,,,,,,,,,,,,,,,,,,,,,,,Asks when the game will launch.
34173605,,,,,,,,,,,,,,,,,,,,,,,,,,,,,,,,,,,,,,,,,Asks when the open beta will start; eager to play.
34136401,,,,,,,,,,,,,,,,,,,,,,,,,,,,,-1.0,Warns the developer not to force players to spend; concern about monetization pressure.,,,,,,,,,,,
34117179,,,,,,,,,,,,,,,,,,,,,,,,,,,,,,,,,,,,,,,,,Asks when the game will release.
34112953,,,,,,,,,,,,,,,,,,,,,,,,,,,,,,,,,,,,,,,,,Art feedback: Hua Tuo’s portrait looks childlike with forced beard/wrinkles; feels inconsistent.
34110972,,,,,,,,,,,,,,,,,,,,,,,,,,,,,,,,,,,,,,,,,Asks when the open beta will start.
34073683,,,,,,,,,,,,,,,,,,,,,,,,,,,,,,,,,,,,,,,,,Praises the team’s responsive attitude; strong expectation for launch.
34059496,,,,,,,,,,,,,,,,,,,,,,,,,,,,,,,,,,,,,,,,,Likes Hua Tuo’s unique design (not all handsome men); asks for test/news and more gameplay info beyond a few portraits.
34036704,,,,,,,,,,,,,,,,,,,,,,,,,,,,,,,,,,,,,,,,,Likes the art; hopes for good operations and advises ignoring trolls.
33996450,,,,,,,,,,,,,,,,,,,,,,,,,,,,,,,,,,,,,,,,,Highly anticipates the game; asks when closed beta will begin.
33951846,,,,,,,,,,,,,,,,,,,,,,,,,,,,,,,,,,,,,,,,,Hopes battle screen isn’t MMO-like; asks when the beta starts.
33945836,,,,,,,,,,,,,,,,,,,,,,,,,,,,,,,,,,,,,,,,,Likes the art style; five-star expectation.
33931532,,,,,,,,,,,,,,,,,,,,,,,,,,,,,,,,,,,,,,,,,Likes historical-raising genre; awaits open beta.
33930408,,,,,,,,,,,,,,,,,,,,,,,,,,,,,,,,,,,,,,,,,Requests respect for Chinese history and figures; avoid comedic distortion.
33925692,,,,,,,,,,,,,,,,,,,,,,,,,,,,,,,,,,,,,,,,,Art style strongly appeals to the reviewer.
33846343,,,,,,,,,,,,,,,,,,,,,,,,,,,,,-1.0,Hopes the game won’t be a cash grab and will stick to its original intent.,,,,,,,,,,,Finds Hua Tuo portrait cute; praises the art.
33825432,,,,,,,,,,,,,,,,,,,,,,,,,,,,,,,,,,,,,,,,,Attracted by art; asks the game to adhere to history and avoid inverting historical figures.
33808011,,,,,,,,,,,,,,,,,,,,,,,,,,,,,,,,,,,,,,,,,"Wants a rigorously historical, well-researched game; repeatedly urges not to ‘mess around’ with history."
33791112,,,,,,,,,,,,,,,,,,,,,,,,,,,,,,,,,,,,,,,,,Humorous hyperbole about waiting a very long time for open beta.
33762563,,,,,,,,,,,,,,,,,,,,,,,,,,,,,,,,,,,,,,,,,Hopes for historical accuracy and educational value; characters should fit their historical images.
33747085,,,,,,,,,,,,,,,,,,,,,,,,,,,,,,,,,,,,,,,,,Asks whether there is friend co-op/multiplayer.
33666356,,,,,,,,,,,,,,,,,,,,,,,,,,,,,,,,,,,,,,,,,Asks when the game will go online.
33634134,,,,,,,,,,,,,,,,,,,,,,,,,,,,,,,,,,,,,,,,,Loves ancient-style history theme; hopes for early launch and varied gameplay with beautiful characters.
33486254,,,,,,,,,,,,,,,,,,,,,,,,,,,,,,,,,,,,,,,,,Says they’ve been waiting a long time.
29441609,,,,,,,,,,,,,,,,,,,,,,,,,,,,,,,,,,,,,,,,,Asks if historical figures Li Bai and Sun Simiao are included.
33210479,,,,,,,,,,,,,,,,,,,,,,,,,,,,,1.0,"From comments/test videos, the game doesn’t feel very pay-heavy.",,,,,,,,,,,Likes the Thousand Li of Rivers and Mountains visual vibe; suggests small non-competitive minigames with participation rewards; cautions against overloading welfare which can cause fatigue.
33204412,,,,,,,,,,,,,,,,,,,,,,,,,,,,,,,,,,,,,,,,,"Requests no distortion of history, no forced CP (except canon), and cosmetic-only monetization that doesn’t affect gameplay."
33190427,,,,,,,,,,,,,,,,,,,,,,,,,,,,,,,,,,,,,,,,,Notes the first store image is too chibi and inconsistent with later portraits.
33189027,,,,,,,,,,,,,,,,,,,,,,,,,,,,,,,,,,,,,,,,,Asks whether the game has a license approval and when it will open.
33064559,,,,,,,,,,,,,,,,,,,,,,,,,,,,,,,,,,,,,,,,,Asks if the game has released yet.
33047849,,,,,,,,,,,,,,,,,,,,,,,,,,,,,,,,,,,,,,,,,Praises art and seemingly interesting gameplay but worries about long-term boredom; says info is too limited to judge.
32955372,,,,,,,,,,,,,,,,,,,,,,,,,,,,,,,,,,,,,,,,,Asks when it will release; hasn’t played yet but leaves five stars.
32953034,,,,,,,,,,,,,,,,,,,,,,,,,,,,,,,,,,,,,,,,,
32948144,,,,,,,,,,,,,,,,,,,,,,,,,,,,,,,,,,,,,,,,,Asks when it will come out; has waited a long time.
32923576,,,,,,,,,,,,,,,,,,,,,,,,,,,,,,,,,,,,,,,,,Criticizes overused Thousand Li of Rivers and Mountains-like palette; says first landscape doesn’t match high-quality character art.
32892793,,,,,,,,,,,,,,,,,,,,,,,,,,,,,,,,,,,,,,,,,
32788925,,,,,,,,,,,,,,,,,,,,,,,,,,,,,,,,,,,,,,,,,Student player who loves history; requests respect for historical figures’ images.
32759101,,,,,,,,,,,,,,,,,,,,,,,,,,,,,,,,,,,,,,,,,Likes Chinese-style art and clean UI; hopes it’s not pay-heavy or grindy; sees it as a good side game.
32657733,,,,,,,,,,,,,,,,,,,,,,,,,,,,,,,,,,,,,,,,,
32638512,,,Stage-based battles using trained troop types; has a speed toggle but battles feel slow; player wants a skip option.,0.0,Combat pace feels slow even on speed-up; troop-type stage difficulty swings between very easy and very hard.,Troop types and counters; barracks training; stage difficulty variations tied to unit setup.,0.0,Basic unit-type strategy exists but clarity/inconsistency limits perceived depth.,,,,,,,"Production/collection loop with resource gathering, material production, and daily/weekly/achievement claims.",True,-1.0,Manual tapping for production/quests feels cumbersome; requests one-click collect.,,,,,,,,,,,,,1.0,"First test provided plenty of premium currency, felt generous.",,,,,,,,,Likes Q-style characters; suggests improving dynasty-switch UI and adding one-click claim.
32507357,,,,,,,,,,,,,,,,,,,,,,,,,,,,,,,,,,,,,,,,,Remarks that other titles stalled on updates; hopes this game seizes the opportunity.
32481546,,,,,,,,,,,,,,,,,,,,,,,,,,,,,,,,,,,,,,,,,Advises factual or fully fictionalized story without ideological bias; avoid becoming a pure idle ‘collecting’ game; include skip/sweep; balance long-term progression resources so spenders progress faster but F2P can still play.
32450252,,,,,,,,,,,,,,,,,,,,,,,,,,,,,,,,,,,,,,,,,Says the art is appealing and the short stories are interesting; praises the writing team.
29276881,,,,,,,,,,,,,,,,,,,,,,,,,,,,,,,,,,,,,,,,,Loves the art (especially Li Qingzhao) and realized they missed the first test.
32383900,,,,,,,,,,,,,,,,,,,,,,,,,,,,,,,,,,,,,,,,,First test ended; hopes the next step is direct launch.
32379487,,,,,,,,,,,,,,,,,,,,,,,,,,,,,,,,,,,,,,,,,Praises story for teaching history and the art quality; reported bugs; appreciates the team.
32376063,,,Stage battles with recommended troop types; wants faster speed or a skip function.,0.0,Battles feel slow and troop recommendation icons weren’t clear.,Troop-type recommendations/counters; progression depends on upgrades; desires dynasty labels on characters.,0.0,Some strategic guidance exists but clarity is lacking; later stages get tough without upgrades.,-1.0,Difficulty spikes cause getting stuck if progression/upgrades lag behind.,,,,,Daily/weekly/achievement claim loop and resource collection.,True,-1.0,Lack of one-click collection for tasks is inconvenient.,,,,,False,,,,,,,,1.0,First test welfare felt generous.,,,,,,,,,Requests pity for gacha and dynasty metadata on characters.
29191789,,,,,,,,,,,,,,,,,,,,,,,,,,,,,,,,,,,,,,,,,Got full collection on last day via emails; loves Mulan art; hopes to see more content next test.
32373700,,,,,,,,,,,,,,,,,,,,,,,,,,,,,,,,,,,,,,,,,First test ended; looking forward to the next one.
32373183,,,,,,,,,,,,,,,,,,,,,,,,,,,,,,,,,,,,,,,,,"Says gameplay is quite good, especially small details; submitted suggestions."
32373121,,,,,,,,,,,,,,,,,,,,,,,,,,,,,,,,,,,,,,,,,General positive impression (“Very good”).
32373091,,,,,,,,,,,,,,,,,,,,,,,,,,,,,,,,,,,,,,,,,Brags about being first to draw Yandi.
32371088,,,Combat slows down in later stages; requests more speed-up or a skip function.,-1.0,Battle pacing becomes very slow even with speed-up; wants skip.,,,,,,,,,,Daily/weekly/achievement claim loop.,True,-1.0,Requests one-click claim as tapping each task is tedious.,,,,,,,,,,,,,,,,,,,,,,,Asks for better tablet (pad) UI adaptation.
32372326,,,,,,,,,,,,,,,"Relaxed farming/collecting side activities (e.g., planting, catching animals) alongside core play.",True,1.0,"Describes it as fitting a chill, ‘life-sim’ playstyle.",,,,,,,,,,,,,,,,,,,,,,,Praises the landscape; mentions getting Yandi after 715 pulls.
32351130,,,,,,,,,,,,,,,,,,,,,,,,,,,,,,,,,,,,,,,,,
32277454,,,Story battles in the ‘Shanhe Tu’ with trained infantry and archers after preparing resources.,1.0,Core loop felt coherent and the team seemed attentive; early content played well.,"Unit types (infantry, archers); barracks training; sweep function for faster progression.",0.0,Basic unit-type strategy noted; depth not heavily discussed.,,,,,,,"City-building/production: resettle refugees, build housing, clear rivers, farm/process rice, build barracks, then battle.",True,1.0,Early Xia content felt guided and clear.,,,,,,,,,,,,,,,,,,,,,,,"Suggests adding dynasty timeline labels, showing dynasty on character pages, better highlighting of task targets, and a story review feature."
32261237,,,,,,,,,,,,,,,,,,,,,,,,,,,,,,,,,,,,,,,,,Waiting for open beta.
32218600,,,,,,,,,,,,,,,,,,,,,,,,,,,,,,,,,,,,,,,,,
32215251,,,,,,,,,,,,,,,,,,,,,,,,,,,,,,,,,,,,,,,,,Played the test for a day; found it interesting and encouraging.
32214436,,,,,,,,,,,,,,,,,,,,,,,,,,,,,,,,,,,,,,,,,Expresses strong liking for Li Qingzhao.
32212843,,,,,,,,,,,,,,,,,,,,,,,,,,,,,,,,,,,,,,,,,Likes the art of Mulan and Hua Tuo and the theme/genre; wishes the test success and early launch.
32211942,,,,,,,,,,,,,,,,,,,,,,,,,,,,,,,,,,,,,,,,,
32211931,,,,,,,,,,,,,,,,,,,,,,,,,,,,,,,,,,,,,,,,,Tried the test server and found it to be their preferred type of game.
32180131,,,,,,,,,,,,,,,,,,,,,,,,,,,,,,,,,,,,,,,,,
32179315,,,,,,,,,,,,,,,,,,,,,,,,,,,,,,,,,,,,,,,,,First time wanting to try this genre; asks for test access.
32166671,,,,,,,,,,,,,,,,,,,,,,,,,,,,,,,,,,,,,,,,,
32134264,,,,,,,,,,,,,,,,,,,,,,,,,,,,,,,,,,,,,,,,,Strongly criticizes the art as androgynous and ‘insulting to national style.’
32082925,,,,,,,,,,,,,,,,,,,,,,,,,,,,,,,,,,,,,,,,,Asks where to view all currently revealed characters; likes the art.
32055499,,,,,,,,,,,,,,,,,,,,,,,,,,,,,,,,,,,,,,,,,
32054118,,,,,,,,,,,,,,,,,,,,,,,,,,,,,,,,,,,,,,,,,
32049956,,,,,,,,,,,,,,,,,,,,,,,,,,,,,,,,,,,,,,,,,Complains about only ~200 test slots; worries about server stability at launch; quits in frustration.
32045076,,,,,,,,,,,,,,,,,,,,,,,,,,,,,,,,,,,,,,,,,Frustrated at not getting test access after a long wait while latecomers did.
32042483,,,,,,,,,,,,,,,,,,,,,,,,,,,,,,,,,,,,,,,,,Negative experience with official group management (joined then left).
32026706,,,,,,,,,,,,,,,,,,,,,,,,,,,,,,,,,,,,,,,,,Art looks appealing; expresses anticipation.
32004680,,,,,,,,,,,,,,,,,,,,,,,,,,,,,,,,,,,,,,,,,Asks when open beta starts; very excited.
31995267,,,,,,,,,,,,,,,,,,,,,,,,,,,,,,,,,,,,,,,,,
31953259,,,,,,,,,,,,,,,,,,,,,,,,,,,,,,,,,,,,,,,,,
31925011,,,,,,,,,,,,,,,,,,,,,,,,,,,,,,,,,,,,,,,,,Asks when an official QQ group will be created; has had a reservation for a long time.
31913037,,,,,,,,,,,,,,,,,,,,,,,,,,,,,,,,,,,,,,,,,Urgently asks for open beta; repeatedly expresses strong liking.
31868748,,,,,,,,,,,,,,,,,,,,,,,,,,,,,,,,,,,,,,,,,Says gameplay is unclear from the intro; requests more information.
31854202,,,,,,,,,,,,,,,,,,,,,,,,,,,,,,,,,,,,,,,,,Says the art resembles Yashe; asks if it’s the same artists.
31836060,,,,,,,,,,,,,,,,,,,,,,,,,,,,,,,,,,,,,,,,,
31827258,,,,,,,,,,,,,,,,,,,,,,,,,,,,,,,,,,,,,,,,,Waiting for launch; likes the art; praises the official’s tone/persona.
31809692,,,,,,,,,,,,,,,,,,,,,,,,,,,,,,,,,,,,,,,,,Strongly hopes the game won’t be like MOBA ‘King of Glory.’
31794815,,,,,,,,,,,,,,,,,,,,,,,,,,,,,,,,,,,,,,,,,Asks when open beta will start; likes the art style.
31794151,,,,,,,,,,,,,,,,,,,,,,,,,,,,,,,,,,,,,,,,,
31766998,,,,,,,,,,,,,,,,,,,,,,,,,,,,,,,,,,,,,,,,,
31764313,,,,,,,,,,,,,,,,,,,,,,,,,,,,,,,,,,,,,,,,,Humorous exaggeration about finally getting open beta after a very long time.
31762121,,,,,,,,,,,,,,,,,,,,,,,,,,,,,,,,,,,,,,,,,
31758312,,,,,,,,,,,,,,,,,,,,,,,,,,,,,,,,,,,,,,,,,Asks for open beta soon and hopes it’s a good game.
31738650,,,,,,,,,,,,,,,,,,,,,,,,,,,,,,,,,,,,,,,,,
31736948,True,Sexualized character designs: Li Qingzhao depicted with bangs and exposed thighs; Li Bai on the cover with exposed chest/abs; concern about male fanservice.,,,,,,,,,,,,,,,,,,,,,,,,,,,,,,,,,,,,,,,Criticizes gendered fanservice and asks not to alienate female players.
31714407,,,,,,,,,,,,,,,,,,,,,,,,,,,,,,,,,,,,,,,,,
31689067,,,,,,,,,,,,,,,,,,,,,,,,,,,,,,,,,,,,,,,,,
30252136,,,,,,,,,,,,,,,,,,,,,,,,,,,,,,,,,,,,,,,,,
31650092,,,,,,,,,,,,,,,,,,,,,,,,,,,,,,,,,,,,,,,,,"Requests adding historical figures Sun Simiao, Bian Que, and Li Shizhen."
31619577,,,,,,,,,,,,,,,,,,,,,,,,,,,,,,,,,,,,,,,,,Requests adding Guo Jia and Xi Zhicai.
31606091,,,,,,,,,,,,,,,,,,,,,,,,,,,,,,,,,,,,,,,,,
31605317,,,,,,,,,,,,,,,,,,,,,,,,,,,,,,,,,,,,,,,,,"Art proportion issue noted: male hands look too large (e.g., Qi Jiguang's fist nearly head-sized)."
31545608,,,,,,,,,,,,,,,,,,,,,,,,,,,,,,,,,,,,,,,,,
31519193,,,,,,,,,,,,,,,,,,,,,,,,,,,,,,,,,,,,,,,,,
31493679,,,,,,,,,,,,,,,,,,,,,,,,,,,,,,,,,,,,,,,,,
31490673,,,,,,,,,,,,,,,,,,,,,,,,,,,,,,,,,,,,,,,,,
31485027,,,,,,,,,,,,,,,,,,,,,,,,,,,,,,,,,,,,,,,,,Asks for Zhuge Liang to be included.
31479420,,,,,,,,,,,,,,,,,,,,,,,,,,,,,,,,,,,,,,,,,
31442036,,,,,,,,,,,,,,,,,,,,,,,,,,,,,,,,,,,,,,,,,
31372351,,,,,,,,,,,,,,,,,,,,,,,,,,,,,,,,,,,,,,,,,
31366455,,,,,,,,,,,,,,,,,,,,,,,,,,,,,,,,,,,,,,,,,
31350482,,,,,,,,,,,,,,,,,,,,,,,,,,,,,,,,,,,,,,,,,
31336488,,,,,,,,,,,,,,,,,,,,,-2.0,No gameplay footage found and first test seems far off; mentions it's a three-person team and worries about cancellation.,,,,,,,,,,,,,,,,,,,Lack of actual gameplay shown; uncertainty about test schedule; concern the small team might fail.
31330615,,,,,,,,,,,,,,,,,,,,,,,,,,,,,,,,,,,,,,,,,Art style seen as too cute for figures like Qi Jiguang and Wu Zetian; asks to better reflect characters' temperament while keeping the style.
31317530,,,,,,,,,,,,,,,,,,,,,,,,,,,,,,,,,,,,,,,,,"Praises inclusion of Huo Qubing; asks whether Li Bai, Qin Shi Huang, Han Wudi, and Tang Taizong will appear."
31295125,,,,,,,,,,,,,,,,,,,,,,,,,,,,,,,,,,,,,,,,,
31266926,,,,,,,,,,,,,,,,,,,,,,,,,,,,,,,,,,,,,,,,,
31235941,,,,,,,,,,,,,,,,,,,,,,,,,,,,,,,,,,,,,,,,,Hopes Qin Shi Huang is obtainable without heavy spending.
31229574,,,,,,,,,,,,,,,,,,,,,,,,,,,,,,,,,,,,,,,,,Wants the game to avoid heavy monetization/forced spending and to respect the Chinese historical theme; expects sincere development.
31215060,,,,,,,,,,,,,,,,,,,,,,,,,,,,,,,,,,,,,,,,,Asks if Su Shi is included.
31197765,,,,,,,,,,,,,,,,,,,,,,,,,,,,,,,,,,,,,,,,,Requests closed beta access and asks if the 'Qingyi' character exists.
31183964,,,,,,,,,,,,,,,,,,,,,,,,,,,,,,,,,,,,,,,,,Hopes to include Ying Zheng (Qin Shi Huang).
31176102,,,,,,,,,,,,,,,,,,,,,,,,,,,,,,,,,,,,,,,,,
31156944,,,,,,,,,,,,,,,,,,,,,,,,,,,,,,,,,,,,,,,,,Requests closed beta qualification and the official group ID.
31125800,,,,,,,,,,,,,,,,,,,,,,,,,,,,,,,,,,,,,,,,,
31078093,,,,,,,,,,,,,,,,,,,,,,,,,,,,,,,,,,,,,,,,,
31013771,,,,,,,,,,,,,,,,,,,,,,,,,,,,,,,,,,,,,,,,,
31009531,,,,,,,,,,,,,,,,,,,,,,,,,,,,,,,,,,,,,,,,,"Art tone perceived as too childish; requests darker style elements (e.g., for villains) to balance."
30982537,,,,,,,,,,,,,,,,,,,,,,,,,,,,,,,,,,,,,,,,,
30973610,,,,,,,,,,,,,,,,,,,,,,,,,,,,,,,,,,,,,,,,,
30898248,,,,,,,,,,,,,,,,,,,,,,,,,,,,,,,,,,,,,,,,,Perceived inconsistency in character art quality: only Li Qingzhao looks good; later pieces appear worse ('崩').
30807028,,,,,,,,,,,,,,,,,,,,,,,,,,,,,,,,,,,,,,,,,Asks not to distort or disrespect historical figures.
30798761,,,,,,,,,,,,,,,,,,,,,,,,,,,,,,,,,,,,,,,,,
30771027,,,,,,,,,,,,,,,,,,,,,,,,,,,,,,,,,,,,,,,,,
30758915,,,,,,,,,,,,,,,,,,,,,,,,,,,,,,,,,,,,,,,,,"Suggestions: integrate quotations/classic phrases to enhance immersion; if characters have trait bonuses, name them after historic sayings (e.g., '封狼居胥', '饮马瀚海', '苍狼白鹿')."
30743600,,,,,,,,,,,,,,,,,,,,,,,,,,,,,,,,,,,,,,,,,Concerns about systems and numerical balance being poorly implemented; hopes for long-term playability.
30690130,,,,,,,,,,,,,,,,,,,,,,,,,,,,,,,,,,,,,,,,,
30640724,,,,,,,,,,,,,,,,,,,,,,,,,,,,,,,,,,,,,,,,,"Praised Wu Zetian design as plump and not slender, aligning with Tang dynasty aesthetics."
30635698,,,,,,,,,,,,,,,,,,,,,,,,,,,,,,,,,,,,,,,,,
30549987,,,,,,,,,,,,,,,,,,,,,,,,,,,,,,,,,,,,,,,,,
30528514,,,,,,,,,,,,,,,,,,,,,,,,,,,,,,,,,,,,,,,,,"States the game would be fine if it avoids BL content, predatory monetization, and mishandling of historical figures; defends the art style against critics."
30522146,,,,,,,,,,,,,,,,,,,,,,,,,,,,,,,,,,,,,,,,,Requests historical accuracy and to avoid fabrications like in other titles.
30447889,,,,,,,,,,,,,,,,,,,,,,,,,,,,,,,,,,,,,,,,,
30444676,,,,,,,,,,,,,,,,,,,,,-2.0,Has been waiting a very long time for release.,,,,,,,,,,,,,,,,,,,
30432620,,,,,,,,,,,,,,,,,,,,,,,,,,,,,,,,,,,,,,,,,
30422878,,,,,,,,,,,,,,,,,,,,,,,,,,,,,,,,,,,,,,,,,
30420832,,,,,,,,,,,,,,,,,,,,,,,,,,,,,,,,,,,,,,,,,
30401509,,,,,,,,,,,,,,,,,,,,,-2.0,Accuses dev of 'drawing a big pie' (overpromising) and urges to start testing.,,,,,,,,,,,,,,,,,,,
30378325,,,,,,,,,,,,,,,,,,,,,,,,,,,,,,,,,,,,,,,,,
30368355,,,,,,,,,,,,,,,,,,,,,,,,,,,,,,,,,,,,,,,,,
30345286,,,,,,,,,,,,,,,,,,,,,-2.0,Testing is taking too long.,,,,,,,,,,,,,,,,,,,
30331268,,,,,,,,,,,,,,,,,,,,,,,,,,,,,,,,,,,,,,,,,
30321389,,,,,,,,,,,,,,,,,,,,,,,,,,,,,,,,,,,,,,,,,Suggests further beautifying the Wu Zetian character art.
30319577,,,,,,,,,,,,,,,Farming/management ('planting fields') loop is desired/expected.,True,,,,,,,,,,,,,,,,,,,,,,,,,"Loves the plump, dominant Wu Zetian design aligned with Tang aesthetics; wants 'happy farming' gameplay."
30312592,,,,,,,,,,,,,,,,,,,,,-2.0,Two years have passed without launch; long wait.,,,,,,,,,,,,,,,,,,,
30264215,,,,,,,,,,,,,,,,,,,,,,,,,,,,,,,,,,,,,,,,,"Complains that the community manager/operations argues with players (e.g., even when users raise issues like left-lapped garments)."
30255892,,,,,,,,,,,,,,,Idle/placement with light simulation management as advertised.,True,,,,,,,,,,,,,,,,,,,,,,,,,"Criticizes dev response to art feedback (shifting blame); accuses similarities to 'Wangchuan Fenghualu' (e.g., using '名士'); says it's just a 'national-style skin' with shallow mechanics and buzzwords."
30248341,,,,,,,,,,,,,,,,,,,,,-2.0,Waiting for three years with no release.,,,,,,,,,,,,,,,,,,,
30235025,,,,,,,,,,,,,,,,,,,,,,,,,,,,,,,,,,,,,,,,,
30221506,,,,,,,,,,,,,,,,,,,,,,,,,,,,,,,,,,,,,,,,,
30207540,,,,,,,,,,,,,,,,,,,,,-2.0,Uncertain release time; feels like a 'game of a lifetime' that may never come.,,,,,,,,,,,,,,,,,,,
30184490,,,,,,,,,,,,,,,,,,,,,,,,,,,,,,,,,,,,,,,,,"Questions similarity to 'Wangchuan Fenghualu', including use of the term '名士' (scholar)."
30182486,,,,,,,,,,,,,,,,,,,,,,,,,,,,,,,,,,,,,,,,,Suggests avoiding baby-faced look for every character; some should have sharper features.
30161645,,,,,,,,,,,,,,,,,,,,,,,,,,,,,,,,,,,,,,,,,
30115646,,,,,,,,,,,,,,,,,,,,,,,,,,,,,,,,,,,,,,,,,"Requests depiction of Ying Zheng as dignified and masculine, not effeminate."
30119920,,,,,,,,,,,,,,,,,,,,,,,,,,,,,,,,,,,,,,,,,
30114738,,,,,,,,,,,,,,,,,,,,,,,,,,,,,,,,,,,,,,,,,Asks if the 'Northern Qi Three Heroes' are included.
30073617,,,,,,,,,,,,,,,,,,,,,,,,,,,,,,,,,,,,,,,,,Praises the absence of identical 'internet celebrity' face style.
30065457,,,,,,,,,,,,,,,Idle/placement with farming and light management.,True,2.0,"Criticizes a formulaic 'idle, farming, chill, management' loop as shallow and generic under a national-style skin; questions the claim of realism.",,,,,,,,,,,,,,,,,,,,,,,"Argues many 'guofeng' games just swap skins without cultural depth; skeptical of this game's gameplay, quality, and operations."
30063446,,,,,,,,,,,,,,,,,,,,,,,,,,,,,,,,,,,,,,,,,
30054221,,,,,,,,,,,,,,,,,,,,,,,,,,,,,,,,,,,,,,,,,
30047036,,,,,,,,,,,,,,,,,,,,,,,,,,,,,,,,,,,,,,,,,
30032883,,,,,,,,,,,,,,,,,,,,,,,,,,,,,,,,,,,,,,,,,Requests a more realistic (less anime) art direction.
29983942,,,,,,,,,,,,,,,,,,,,,,,,,,,,,,,,,,,,,,,,,Requests adding Emperor Yongzheng if the Qing dynasty is covered.
29977040,,,,,,,,,,,,,,,,,,,,,,,,,,,,,,,,,,,,,,,,,"Notes Qi Jiguang's weapon is the 'langxian', indicating attention to historical arms."
29975049,,,,,,,,,,,,,,,,,,,,,,,,,,,,,,,,,,,,,,,,,
29957789,,,,,,,,,,,,,,,,,,,,,,,,,,,,,,,,,,,,,,,,,
29911655,,,,,,,,,,,,,,,,,,,,,,,,,,,,,,,,,,,,,,,,,Female characters look great but male designs feel weaker; asks to improve male character art.
29898241,,,,,,,,,,,,,,,,,,,,,,,,,,,,,,,,,,,,,,,,,Requests inclusion of 'Wang Jeff' (humorous request).
29893968,,,,,,,,,,,,,,,,,,,,,,,,,,,,,,,,,,,,,,,,,
29887079,,,,,,,,,,,,,,,,,,,,,,,,,,,,,,,,,,,,,,,,,Requests inclusion of Xun Yu; comments on pronunciation.
29883429,,,,,,,,,,,,,,,,,,,,,,,,,,,,,,,,,,,,,,,,,Requests inclusion of Li Yu (Li Houzhu) and Zhang Liang.
29870526,,,,,,,,,,,,,,,,,,,,,,,,,,,,,,,,,,,,,,,,,Praises Wu Zetian art; asks to avoid characters acting out-of-character (OOC).
29826507,,,,,,,,,,,,,,,,,,,,,,,,,,,,,,,,,,,,,,,,,
29819246,,,,,,,,,,,,,,,,,,,,,,,,,,,,,,,,,,,,,,,,,
29760382,,,,,,,,,,,,,,,,,,,,,,,,,,,,,,,,,,,,,,,,,Requests Huo Qubing and asks when the game will launch.
29727921,,,,,,,,,,,,,,,,,,,,,,,,,,,,,,,,,,,,,,,,,Name/theme reminds them of 'Huanshu' (Fantasia Sango-like 'Mirage Book'); hopes this game survives longer than that one.
29720086,,,,,,,,,,,,,,,,,,,,,,,,,,,,,,,,,,,,,,,,,
29717701,,,,,,,,,,,,,,,,,,,,,,,,,,,,,,,,,,,,,,,,,
29708846,,,,,,,,,,,,,,,,,,,,,,,,,,,,,,,,,,,,,,,,,Likes the historical card-game art style; worries about heavy monetization/being milked like other titles; hopes it will be consumer-friendly.
29670522,,,,,,,,,,,,,,,,,,,,,,,,,,,,,,,,,,,,,,,,,Strongly attracted by the Li Qingzhao (Yi’an) art; very high expectation.
29650461,,,,,,,,,,,,,,,,,,,,,,,,,,,,,,,,,,,,,,,,,Urges faster release; requests adding Shangguan Wan’er.
29643539,,,,,,,,,,,,,,,,,,,,,,,,,,,,,,,,,,,,,,,,,Deep affection for Li Qingzhao and her depiction; emotional resonance with the character.
29597483,,,,,,,,,,,,,,,,,,,,,,,,,,,,,,,,,,,,,,,,,"Loves the art but suggests Li Qingzhao should have a more mature, elegant ‘onee-san’ temperament consistent with her image."
29577261,,,,,,,,,,,,,,,,,,,,,,,,,,,,,,,,,,,,,,,,,Has waited a long time; asks when the closed beta will start.
29576704,,,,,,,,,,,,,,,,,,,,,,,,,,,,,,,,,,,,,,,,,"Hopes for a culturally rich, deeply rooted historical work."
29569154,,,,,,,,,,,,,,,,,,,,,,,,,,,,,,,,,,,,,,,,,Gives five-star expectation purely for the art style.
29553909,,,,,,,,,,,,,,,,,,,,,,,,,,,,,,,,,,,,,,,,,Art looks good; unsure about gameplay and hopes it won’t disappoint.
29550755,,,,,,,,,,,,,,,,,,,,,,,,,,,,,,,,,,,,,,,,,"Five-star watch due to historical theme; asks to respect history, control grind and monetization, and listen to player feedback; suggests improving figure anatomy in some illustrations and varying character skin tones (not all pale), especially for elders/generals."
29529546,,,,,,,,,,,,,,,,,,,,,,,,,,,,,,,,,,,,,,,,,Praises art but emphasizes gameplay over marketing; urges player-first monetization and ethics as recent games feel greedy.
29508554,,,,,,,,,,,,,,,,,,,,,,,,,,,,,,,,,,,,,,,,,Five-star watch for Chinese history theme; urges careful development and faster release.
29501283,,,,,,,,,,,,,,,,,,,,,,,,,,,,,,,,,,,,,,,,,Attracted by theme and art despite not knowing mechanics; stresses that history theme requires strong literary grounding; encourages the team.
29479520,,,,,,,,,,,,,,,,,,,,,,,,,,,,,,,,,,,,,,,,,"Requests Sima Xi, Han Yan, and Du Rang; hopes the game won’t be too pay-heavy."
29460460,,,,,,,,,,,,,,,,,,,,,,,,,,,,,,,,,,,,,,,,,"Requests interactive 2.5D/live2D-style portraits; dislikes flat, static ‘paper doll’/low-quality chibi implementations."
29453011,,,,,,,,,,,,,,,,,,,,,,,,,,,,,,,,,,,,,,,,,Very excited and looking forward.
29449095,,,,,,,,,,,,,,,,,,,,,,,,,,,,,,,,,,,,,,,,,"Four-star watch; requests more focus on Eastern Jin/Northern & Southern Dynasties figures (e.g., Xie An, Chi Chao, Wang Xizhi, Tao Yuanming) beyond the overused Three Kingdoms."
29447025,,,,,,,,,,,,,,,,,,,,,,,,,,,,,,,,,,,,,,,,,Requests Qin Liangyu and Fu Hao; reminds there are other notable female generals beyond Mulan.
29443042,,,,,,,,,,,,,,,,,,,,,,,,,,,,,,,,,,,,,,,,,Very high anticipation.
29433444,,,,,,,,,,,,,,,,,,,,,,,,,,,,,,,,,,,,,,,,,Asks when the open beta will start.
29433155,,,,,,,,,,,,,,,,,,,,,,,,,,,,,,,,,,,,,,,,,Observing but strongly impressed by the striking art style.
29430281,,,,,,,,,,,,,,,,,,,,,,,,,,,,,,,,,,,,,,,,,Likes the art; four-star watch.
29423412,,,,,,,,,,,,,,,,,,,,,,,,,,,,,,,,,,,,,,,,,Urges rigorous historical research and nuanced portrayals; warns against distorting history and potential censorship issues; believes a well-made historical game has broad appeal.
29408067,,,,,,,,,,,,,,,,,,,,,,,,,,,,,,,,,,,,,,,,,Five-star expectation; loves the national style; asks if there will be a closed beta.
29398583,,,,,,,,,,,,,,,,,,,,,,,,,,,,,,,,,,,,,,,,,Loves Li Qingzhao; will pre-register due to her excellent depiction.
29389484,,,,,,,,,,,,,,,,,,,,,,,,,,,,,,,,,,,,,,,,,"Art looks great, especially Mulan which matches personal taste."
29381564,,,,,,,,,,,,,,,,,,,,,,,,,,,,,,,,,,,,,,,,,Repeated expressions of strong anticipation.
29378039,,,,,,,,,,,,,,,,,,,,,,,,,,,,,,,,,,,,,,,,,Excited and looking forward.
29378026,,,,,,,,,,,,,,,,,,,,,,,,,,,,,,,,,,,,,,,,,Loves the art; slightly optimistic expectation.
29367688,,,,,,,,,,,,,,,,,,,,,,,,,,,,,,,,,,,,,,,,,Art style is very appealing; looking forward.
29356265,,,,,,,,,,,,,,,,,,,,,,,,,,,,,,,,,,,,,,,,,Urges the team to move faster.
29344292,,,,,,,,,,,,,,,,,,,,,,,,,,,,,,,,,,,,,,,,,Very期待; loves the art; asks not to rewrite or distort historical stories like some competing titles.
29315173,,,,,,,,,,,,,,,,,,,,,,,,,,,,,,,,,,,,,,,,,Anticipating the release.
29286781,,,,,,,,,,,,,,,,,,,,,,,,,,,,,,,,,,,,,,,,,Impatient from waiting; wants it to launch soon.
29280751,,,,,,,,,,,,,,,,,,,,,,,,,,,,,,,,,,,,,,,,,Impatient daily; notices the game may have changed name; eagerly awaiting launch.
29259345,,,,,,,,,,,,,,,,,,,,,,,,,,,,,,,,,,,,,,,,,Watching with interest; feels Wu Zetian’s portrait isn’t imposing enough; asks for tweaks; overall supportive.
29252368,,,,,,,,,,,,,,,,,,,,,,,,,,,,,,,,,,,,,,,,,Pre-registered; loves the national-style raising/collection and the graphics.
29240050,,,,,,,,,,,,,,,,,,,,,,,,,,,,,,,,,,,,,,,,,Very enthusiastic about Wu Zetian’s character.
29230251,,,,,,,,,,,,,,,,,,,,,,,,,,,,,,,,,,,,,,,,,Initial expectation.
29217048,,,,,,,,,,,,,,,,,,,,,,,,,,,,,,,,,,,,,,,,,Likes Wu Zetian matching Tang ‘plump is beauty’ aesthetic but feels the expression lacks imperial gravitas; encourages the artists.
29216578,,,,,,,,,,,,,,,,,,,,,,,,,,,,,,,,,,,,,,,,,Perceives sincerity from the devs; five-star expectation; hopes for a truly excellent historical game.
29187521,,,,,,,,,,,,,,,,,,,,,,,,,,,,,,,,,,,,,,,,,Cover art is stunning; hopes in-game visuals match promotional quality and not cheap-looking models; wants both visuals and story to be good.
29162382,,,,,,,,,,,,,,,,,,,,,,,,,,,,,,,,,,,,,,,,,Likes the art; requests Xie Daoyun; hopes the era-specific traits of characters are emphasized.
29160624,,,,,,,,,,,,,,,,,,,,,,,,,,,,,,,,,,,,,,,,,Five-star anticipation.
29139318,,,,,,,,,,,,,,,,,,,,,,,,,,,,,,,,,,,,,,,,,Hopes to see real cultural heritage conveyed; even freed phone storage for it; five-star watch.
29125353,,,,,,,,,,,,,,,,,,,,,,,,,,,,,,,,,,,,,,,,,"Suggests era-accurate costumes/makeup; requests inclusion of less mainstream but significant women (Fu Hao, Princess Jieyou, Princess Qianjin, Madam Xian); aims to reduce sameness, avoid controversy, and educate players."
29124009,,,,,,,,,,,,,,,,,,,,,,,,,,,,,,,,,,,,,,,,,Waiting so long it’s frustrating; urges maintaining high quality even if it takes more time.
29102152,,,,,,,,,,,,,,,,,,,,,,,,,,,,,,,,,,,,,,,,,Following due to the art; hopes gameplay footage and actual game match the promotional quality.
29091051,,,,,,,,,,,,,,,,,,,,,,,,,,,,,,,,,,,,,,,,,Very期待; acknowledges historical theme is challenging to execute.
29084593,,,,,,,,,,,,,,,,,,,,,,,,,,,,,,,,,,,,,,,,,Five-star watch; suggests balancing profitability with player experience and considering professional operations to avoid shutdown.
29082026,,,,,,,,,,,,,,,,,,,,,,,,,,,,,,,,,,,,,,,,,"Expects great art; advises not to imitate competitors (e.g., Wangchuan, Honor of Kings); prefers a careful, unhurried development."
29075449,,,,,,,,,,,,,,,,,,,,,,,,,,,,,,,,,,,,,,,,,Likes the art style.
29074457,,,,,,,,,,,,,,,,,,,,,,,,,,,,,,,,,,,,,,,,,Hopes this won’t be like another game (HYS); looking for a replacement; supports due to good visuals.
29060827,,,,,,,,,,,,,,,,,,,,,,,,,,,,,,,,,,,,,,,,,Suggests making Wu Zetian’s pose more regal; doesn’t mind monetization if the game is fun and not a reskin; hopes to learn history through the game.
29058466,,,,,,,,,,,,,,,,,,,,,,,,,,,,,,,,,,,,,,,,,Art style looks familiar; excited.
29054370,,,,,,,,,,,,,,,,,,,,,,,,,,,,,,,,,,,,,,,,,Likes the art; asks for faster open beta as they have nothing to play.
29053523,,,,,,,,,,,,,,,,,,,,,,,,,,,,,,,,,,,,,,,,,Art resembles the Yashe comic style; looks forward to it.
29050750,,,,,,,,,,,,,,,,,,,,,,,,,,,,,,,,,,,,,,,,,Art is pretty; feels Wu Zetian looks too soft and Li Qingzhao too naive; notes mismatch between clothing and expressions; still very期待.
29039175,,,,,,,,,,,,,,,,,,,,,,,,,,,,,,,,,,,,,,,,,"Asks if it is a simulation/management type; requests famous historical figures (e.g., Guo Jia, Xun Yu); wants attractive depictions and an earlier release."
29037873,,,,,,,,,,,,,,,,,,,,,,,,,,,,,,,,,,,,,,,,,Urges the team not to disappoint; seeks a fresh new game to enjoy.
29035919,,,,,,,,,,,,,,,,,,,,,,,,,,,,,,,,,,,,,,,,,Strongly opposes shipping/pairing historical figures or BL-baiting; finds it offensive.
29029136,,,,,,,,,,,,,,,,,,,,,,,,,,,,,,,,,,,,,,,,,Art looks good; pre-registered.
29024045,,,,,,,,,,,,,,,,,,,,,,,,,,,,,,,,,,,,,,,,,Thinks Li Qingzhao’s baby-faced look lacks an ethereal vibe and mismatches the outfit.
29010076,,,,,,,,,,,,,,,,,,,,,,,,,,,,,,,,,,,,,,,,,Asks when it will launch; very期待.
28988385,,,,,,,,,,,,,,,,,,,,,,,,,,,,,,,,,,,,,,,,,Points out a promo image’s roof and lanterns look Japanese; urges architectural authenticity and avoidance of Japanese elements in a Huaxia-themed game.
28974239,,,,,,,,,,,,,,,,,,,,,,,,,,,,,,,,,,,,,,,,,Five-star expectation; appreciates active official replies; suggests changing ‘Yi’an Ci’ to ‘Shu Yu Ci’ for Li Qingzhao’s collection.
28946149,,,,,,,,,,,,,,,,,,,,,,,,,,,,,,,,,,,,,,,,,Requests adding Shangguan Wan’er.
28938123,,,,,,,,,,,,,,,,,,,,,,,,,,,,,,,,,,,,,,,,,Asks for the expected open beta date; watching.
28927122,,,,,,,,,,,,,,,,,,,,,,,,,,,,,,,,,,,,,,,,,Art looks great; hopes it won’t be too pay-to-win.
28910431,,,,,,,,,,,,,,,,,,,,,,,,,,,,,,,,,,,,,,,,,Four-star watch; suggests adjusting Wu Zetian’s portrait (too much blush).
28895964,,,,,,,,,,,,,,,,,,,,,,,,,,,,,,,,,,,,,,,,,"Four-star watch; urges not to swap character genders; if there’s a gacha/star system, hopes high rarity favors righteous figures rather than infamous ones (e.g., Qin Hui)."
28884499,,,,,,,,,,,,,,,,,,,,,,,,,,,,,,,,,,,,,,,,,Questions whether the roster is all female.
28879824,,,,,,,,,,,,,,,,,,,,,,,,,,,,,,,,,,,,,,,,,Initial期待.
28870025,,,,,,,,,,,,,,,,,,,,,,,,,,,,,,,,,,,,,,,,,"Excited by varied dynastic styles; asks about world structure (parallel eras vs. progression), acquisition methods (noting gacha could add monetization), and player interaction; strongly opposes ‘fake guofeng’ sexualized designs and shallow webnovel-style writing; emphasizes the importance of high-quality character/building/scene illustrations."
28839499,,,,,,,,,,,,,,,,,,,,,,,,,,,,,,,,,,,,,,,,,Likes the art (except Wu Zetian); worries gameplay may ruin the strong visuals.
28827680,,,,,,,,,,,,,,,,,,,,,,,,,,,,,,,,,,,,,,,,,Art looks nice;期待.
28817297,,,,,,,,,,,,,,,,,,,,,,,,,,,,,,,,,,,,,,,,,Prefer a polished product over rushing; take your time.
28815095,,,,,,,,,,,,,,,,,,,,,,,,,,,,,,,,,,,,,,,,,Asks when it will be released.
28808400,,,,,,,,,,,,,,,,,,,,,,,,,,,,,,,,,,,,,,,,,Asks when the server will open.
28804429,,,,,,,,,,,,,,,,,,,,,,,,,,,,,,,,,,,,,,,,,"Loves the art; praises accurate depiction (e.g., Hua Tuo)."
28796798,,,,,,,,,,,,,,,,,,,,,,,,,,,,,,,,,,,,,,,,,Five-star watch.
28782526,,,,,,,,,,,,,,,,,,,,,,,,,,,,,,,,,,,,,,,,,Intro looks good;期待 launch and hopes it won’t disappoint.
28767658,,,,,,,,,,,,,,,,,,,,,,,,,,,,,,,,,,,,,,,,,"Initially liked two female portraits, but found names and looks mismatched (e.g., Li Qingzhao, Mulan mistaken for Wang Zhaojun); strongly criticizes later depictions (Qi Jiguang, Wu Zetian); suggests avoiding historical IP if not handled carefully; worries poor depictions could trigger stricter regulation."
28751398,,,,,,,,,,,,,,,,,,,,,,,,,,,,,,,,,,,,,,,,,Suggests using historical prototypes/accurate references for figures like Mulan or separate them into a distinct category.
28750192,,,,,,,,,,,,,,,,,,,,,,,,,,,,,,,,,,,,,,,,,Portraits look great; hopes the game itself is solid.
28747759,,,,,,,,,,,,,,,,,,,,,,,,,,,,,,,,,,,,,,,,,Five-star; waiting for closed beta.
28742854,,,,,,,,,,,,,,,,,,,,,,,,,,,,,,,,,,,,,,,,,Five-star; waiting for closed beta.
28739770,,,,,,,,,,,,,,,,,,,,,,,,,,,,,,,,,,,,,,,,,Super期待.
28736067,,,,,,,,,,,,,,,,,,,,,,,,,,,,,,,,,,,,,,,,,Finds the officials polite; historical style feels novel; portraits look great; very期待; seasonal greeting.
28726457,,,,,,,,,,,,,,,,,,,,,,,,,,,,,,,1.0,"Pre-registration bonus includes a free character (‘Xiao Huo’), which motivated them to sign up.",,,,,,,,,Excited to pre-register after seeing a free character reward (‘Xiao Huo’).
28722967,,,,,,,,,,,,,,,,,,,,,,,,,,,,,,,,,,,,,,,,,Five-star期待; requests Li Bai (‘Taibai’).
28720164,,,,,,,,,,,,,,,,,,,,,,,,,,,,,,,,,,,,,,,,,Cheering the team on; encourages progress.
28716610,,,,,,,,,,,,,,,,,,,,,,,,,,,,,,,,,,,,,,,,,Will keep waiting for Zhuge Liang in another game; lost interest in that competitor due to delays; implicitly hopes this game delivers faster or includes that figure.
28702589,,,,,,,,,,,,,,,,,,,,,,,,,,,,,,,,,,,,,,,,,
28692841,,,,,,,,,,,,,,,,,,,,,,,,,,,,,,,,,,,,,,,,,"Praises distinctive character art and asks for historical accuracy. Expects a gacha system (from 'scholar scroll'), requests sensible rarity tiers (do not make traitors top rarity). Accepts CP pairing if not overly suggestive. Points out issues in Li Qingzhao illustration (right hand sloppy, left hand too large). Asks for first test timing."
28691781,,,,,,,,,,,,,,,,,,,,,,,,,,,,,,,,,,,,,,,,,Says history theme is attractive; worries about cash-grab monetization at launch and hopes the team avoids that.
28685888,,,,,,,,,,,,,,,,,,,,,,,,,,,,,,,,,,,,,,,,,
28678364,,,,,,,,,,,,,,,,,,,,,,,,,,,,,,,,,,,,,,,,,Appreciates that the devs are active and down-to-earth; eager for launch.
28676991,,,,,,,,,,,,,,,,,,,,,,,,,,,,,,,,,,,,,,,,,Asks when the game will be playable.
28676636,,,,,,,,,,,,,,,,,,,,,,,,,,,,,,,,,,,,,,,,,Came for the art style; wants a quick release and a stable launch ('don’t crash').
28673069,,,,,,,,,,,,,,,,,,,,,,,,,,,,,,,,,,,,,,,,,Will wait for more content before playing.
28667399,,,,,,,,,,,,,,,,,,,,,,,,,,,,,,,,,,,,,,,,,Loves the art; previous history games had absurd card rarity settings; hopes this one won’t repeat that; waiting for open beta.
28663210,,,,,,,,,,,,,,,,,,,,,,,,,,,,,,,,,,,,,,,,,Says Li Qingzhao’s illustration looks odd.
28659070,,,,,,,,,,,,,,,,,,,,,,,,,,,,,,,,,,,,,,,,,Some clothing looks off despite liking the art. Hopes gameplay is more engaging than similar title 'Mo Hun' which felt boring.
27576645,,,,,,,,,,,,,,,,,,,,,,,,,,,,,,,,,,,,,,,,,Second CG looks beautiful; noticed the game has been renamed.
28652972,,,,,,,,,,,,,,,,,,,,,,,,,,,,,,,,,,,,,,,,,Compliments that character faces are distinct; eager for release.
28652047,,,,,,,,,,,,,,,,,,,,,,,,,,,,,,,,,,,,,,,,,Surprised the game is made by only a dozen people (small team).
28644314,,,,,,,,,,,,,,,,,,,,,,,,,,,,,,,,,,,,,,,,,Likes the art; hopes operations and design decisions are reasonable.
28641545,,,,,,,,,,,,,,,,,,,,,,,,,,,,,,,,,,,,,,,,,General anticipation; seasonal greeting.
28640668,,,,,,,,,,,,,,,,,,,,,,,,,,,,,,,,,,,,,,,,,Believes historical games are heavy-lift; art is solid but stresses story quality will be decisive.
28638809,,,,,,,,,,,,,,,,,,,,,,,,,,,,,,,,,,,,,,,,,Finds the character art cute.
28636344,,,,,,,,,,,,,,,,,,,,,,,,,,,,,,,,,,,,,,,,,Strongly hopes the game will not distort history.
28634963,,,,,,,,,,,,,,,,,,,,,,,,,,,,,,,,,,,,,,,,,Loves the art style; looking forward to test.
28633797,,,,,,,,,,,,,,,,,,,,,,,,,,,,,,,,,,,,,,,,,
28632407,,,,,,,,,,,,,,,,,,,,,,,,,,,,,,,,,,,,,,,,,
28632230,,,,,,,,,,,,,,,,,,,,,,,,,,,,,,,,,,,,,,,,,Watching due to the appealing art style.
28625235,,,,,,,,,,,,,,,,,,,,,,,,,,,,,,,,,,,,,,,,,Waiting for launch soon.
28623725,,,,,,,,,,,,,,,,,,,,,,,,,,,,,,,,,,,,,,,,,Deeply likes this distinctive art style and hopes it can influence market aesthetics (not cookie-cutter faces).
28619806,,,,,,,,,,,,,,,,,,,,,,,,,,,,,,,,,,,,,,,,,Notes anatomical issues in character art; overall art style is good.
28615480,,,,,,,,,,,,,,,,,,,,,,,,,,,,,,,,,,,,,,,,,Art and description raise expectations.
28611022,,,,,,,,,,,,,,,,,,,,,,,,,,,,,,,,,,,,,,,,,Art looks comfortable; will keep watching.
28608079,,,,,,,,,,,,,,,,,,,,,,,,,,,,,,,,,,,,,,,,,Asks about test timing; warns not to repeat industry pitfalls.
28607991,,,,,,,,,,,,,,,,,,,,,,,,,,,,,,,,,,,,,,,,,Loves the illustrations; will keep playing if the game isn’t outrageous; asks about test/open beta schedule.
28607747,,,,,,,,,,,,,,,,,,,,,,,,,,,,,,,,,,,,,,,,,Loves the art; expresses cultural pride.
28606151,,,,,,,,,,,,,,,,,,,,,,,,,,,,,,,,,,,,,,,,,
28605913,,,,,,,,,,,,,,,,,,,,,,,,,,,,,,,,,,,,,,,,,"Praises robust depiction of general (e.g., Qijiguang); appreciates realistic, rugged body types versus overly slim designs."
28604999,,,,,,,,,,,,,,,,,,,,,,,,,,,,,,,,,,,,,,,,,
28604016,,,,,,,,,,,,,,,,,,,,,,,,,,,,,,,,,,,,,,,,,Hopes the team truly respects history and doesn’t bait/drag players.
28603189,,,,,,,,,,,,,,,,,,,,,,,,,,,,,,,,,,,,,,,,,"Requests both male and female characters tie their hair, for historical accuracy."
28602807,,,,,,,,,,,,,,,,,,,,,,,,,,,,,,,,,,,,,,,,,Fears recent 'guofeng' titles being poorly made; hopes this one is solid.
28600394,,,,,,,,,,,,,,,,,,,,,,,,,,,,,,,,,,,,,,,,,Asks who the 'catgirl' in the second image is (noting a possibly fantastical character).
28598024,,,,,,,,,,,,,,,,,,,,,,,,,,,,,,,,,,,,,,,,,
28591929,,,,,,,,,,,,,,,,,,,,,,,,,,,,,,,,,,,,,,,,,Finds the art fresh and distinctive; worries the historical theme is demanding and needs strong research; hopes passion translates into quality.
28585483,,,,,,,,,,,,,,,,,,,,,,,,,,,,,,,,,,,,,,,,,Feels male characters look awkward; suggests bringing in artists better at drawing men.
28579704,,,,,,,,,,,,,,,,,,,,,,,,,,,,,,,,,,,,,,,,,Likes history theme and art; hopes it can be a long-term 'home base' game.
28562425,,,,,,,,,,,,,,,,,,,,,,,,,,,,,,,,,,,,,,,,,Requests more young boy ('shota') characters.
28567153,,,,,,,,,,,,,,,,,,,,,,,,,,,,,,,,,,,,,,,,,Hopes the game includes interesting historical anecdotes; acknowledges the theme is hard to make well.
28562813,,,,,,,,,,,,,,,,,,,,,,,,,,,,,,,,,,,,,,,,,"Worries about historical scrutiny; suggests rigorous research and visual consistency by era. Notes art shift toward more 'Q' style; prefers earlier style. Recommends listening to player feedback, balancing the gacha pool, and using reasonable monetization (e.g., monthly card). Mentions it is a history-themed management mobile game."
28562539,,,,,,,,,,,,,,,,,,,,,,,,,,,,,,,,,,,,,,,,,Hopes the game won’t feel like a second job (asks to avoid heavy daily grind).
28559789,,,,,,,,,,,,,,,,,,,,,,,,,,,,,,,,,,,,,,,,,Wants to know the design inspirations for characters; requests an art/design setting collection.
28551802,,,,,,,,,,,,,,,,,,,,,,,,,,,,,,,,,,,,,,,,,Suggests making male generals more rugged; hopes for early launch.
28536869,,,,,,,,,,,,,,,,,,,,,,,,,,,,,,,,,,,,,,,,,
28498967,,,,,,,,,,,,,,,,,,,,,,,,,,,,,,,,,,,,,,,,,
28463782,,,,,,,,,,,,,,,,,,,,,,,,,,,,,,,,,,,,,,,,,Likes the character art; urges the team to do a good job overall.
28412372,,,,,,,,,,,,,,,,,,,,,,,,,,,,,,,,,,,,,,,,,Likes this art style; encouragement to the team.
28371405,,,,,,,,,,,,,,,,,,,,,,,,,,,,,,,,,,,,,,,,,Requests respect for historical facts and rejects 'history written by victors' relativism; opposes historical nihilism.
28364988,,,,,,,,,,,,,,,,,,,,,,,,,,,,,,,,,,,,,,,,,Hopes the game avoids messy features and forced spending like a competitor; heavy monetization can drive even loyal players away.
28364252,,,,,,,,,,,,,,,,,,,,,,,,,,,,,,,,,,,,,,,,,
28349751,,,,,,,,,,,,,,,,,,,,,,,,,,,,,,,,,,,,,,,,,Very attracted by the art style.
28281587,,,,,,,,,,,,,,,,,,,,,,,,,,,,,,,,,,,,,,,,,Likes the art; waiting for the first test.
28183555,,,,,,,,,,,,,,,,,,,,,,,,,,,,,,,,,,,,,,,,,Shuni(ng) artist and team acknowledged; strong anticipation.
28169514,,,,,,,,,,,,,,,,,,,,,,,,,,,,,,,,,,,,,,,,,Likes the art; looking forward to the game.
28132306,,,,,,,,,,,,,,,,,,,,,,,,,,,,,,,,,,,,,,,,,Feels they have waited a long time; asks for launch.
28131819,,,,,,,,,,,,,,,,,,,,,,,,,,,,,,,,,,,,,,,,,Art looks good; watching with interest.
28085211,,,,,,,,,,,,,,,,,,,,,,,,,,,,,,,,,,,,,,,,,Very excited for the game.
28003735,,,,,,,,,,,,,,,,,,,,,,,,,,,,,,,,,,,,,,,,,Recognizes the involvement of artist Shuning.
27991524,,,,,,,,,,,,,,,,,,,,,,,,,,,,,,,,,,,,,,,,,Optimistic about the game.
27987102,,,,,,,,,,,,,,,,,,,,,,,,,,,,,,,,,,,,,,,,,Strongly attracted by the national-style art; promises support on release.
27959645,,,,,,,,,,,,,,,,,,,,,,,,,,,,,,,,,,,,,,,,,Asks for a clear launch date; worried they might forget the game due to delays.
27931607,,,,,,,,,,,,,,,,,,,,,,,,,,,,,,,,,,,,,,,,,Likes the art style.
27925879,,,,,,,,,,,,,,,,,,,,,,,,,,,,,,,,,,,,,,,,,Watching and anticipating.
27857445,,,,,,,,,,,,,,,,,,,,,,,,,,,,,,,,,,,,,,,,,Five-star watch; praises visual quality; hopes the content is even better.
27812528,,,,,,,,,,,,,,,,,,,,,,,,,,,,,,,,,,,,,,,,,Four-star watch; says devs seem attentive in comments; hopes for high playability and for the team to stay true to its original vision.
27798495,,,,,,,,,,,,,,,,,,,,,,,,,,,,,,,,,,,,,,,,,Came from drawing community; an original artwork drew them in; now watching the game.
27787725,,,,,,,,,,,,,,,,,,,,,,,,,,,,,,,,,,,,,,,,,Pre-registration rewards suggest it’s a gacha game; expects character pulls and possibly a weapon banner.
27747988,,,,,,,,,,,,,,,,,,,,,,,,,,,,,,,,,,,,,,,,,Four-star watch; warns against any 'replacing China with Japan' cultural content; emphasizes cultural authenticity given the 'Huaxia' title.
27684873,,,,,,,,,,,,,,,,,,,,,,,,,,,,,,,,,,,,,,,,,Cover art drew them in; hopes the gameplay content holds up.
27675809,,,,,,,,,,,,,,,,,,,,,,,,,,,,,,,,,,,,,,,,,"Suggests changing the 'scroll' item icon (looks like a different genre), and unifying UI/icons/effects to match the clean illustration style with lower saturation and more anime-like presentation."
27672477,,,,,,,,,,,,,,,,,,,,,,,,,,,,,,,,,,,,,,,,,Second image is impressive; anticipation after seeing it in an art app.
27627184,,,,,,,,,,,,,,,,,,,,,,,,,,,,,,,,,,,,,,,,,Art is good but genre may not fit their taste; still a four-star watch.
27617809,,,,,,,,,,,,,,,,,,,,,,,,,,,,,,,,,,,,,,,,,Likes Hanfu/ancient Chinese aesthetic; waiting to play.
27598536,,,,,,,,,,,,,,,,,,,,,,,,,,,,,,,,,,,,,,,,,Loves Chinese history; hopes characters stay close to historical records.
27562867,,,,,,,,,,,,,,,,,,,,,,,,,,,,,,,,,,,,,,,,,Jokes about reserving a 'nonexistent' game; frustrated by delays.
27533121,,,,,,,,,,,,,,,,,,,,,,,,,,,,,,,,,,,,,,,,,Cannot understand the game yet due to lack of gameplay info; four-star watch.
27515428,,,,,,,,,,,,,,,,,,,,,,,,,,,,,,,,,,,,,,,,,Hopes historical figures are faithfully portrayed; asks why the official calls themselves 'Little Zhang Liang'.
27509757,,,,,,,,,,,,,,,,,,,,,,,,,,,,,,,,,,,,,,,,,Criticizes the 'Mei Xi' art: neck looks awkward; advises fixing visuals before marketing to players.
27455873,,,,,,,,,,,,,,,,,,,,,,,,,,,,,,,,,,,,,,,,,Eager to play soon.
27441090,,,,,,,,,,,,,,,,,,,,,,,,,,,,,,,,,,,,,,,,,Interested by the art; hopes the gameplay is fun.
27427330,,,,,,,,,,,,,,,,,,,,,,,,,,,,,,,,,,,,,,,,,Says the title sounds grand and evokes Civilization VI; warns against shallow gameplay.
27425679,,,,,,,,,,,,,,,,,,,,,,,,,,,,,,,,,,,,,,,,,Says the game is fun for passing time and is good when bored.
27421486,,,,,,,,,,,,,,,,,,,,,,,,,,,,,,,,,,,,,,,,,Finds the devs polite; likes the inclusion of Yu the Great; warns not to become like a negative competitor title.
27415846,,,,,,,,,,,,,,,,,,,,,,,,,,,,,,,,,,,,,,,,,Hopes it won’t take too long to release.
27413550,,,,,,,,,,,,,,,,,,,,,,,,,,,,,,,,,,,,,,,,,Very excited for the game.
27412027,,,,,,,,,,,,,,,,,,,,,,,,,,,,,,,,,,,,,,,,,Asks the devs to speed up release; eager to play soon.
27390150,,,,,,,,,,,,,,,,,,,,,,,,,,,,,,,,,,,,,,,,,Encourages the team to remember their original intention; entrepreneurship is hard.
27389538,,,,,,,,,,,,,,,,,,,,,,,,,,,,,,,,,,,,,,,,,Very excited.
27388550,,,,,,,,,,,,,,,,,,,,,,,,,,,,,,,,,,,,,,,,,
27369929,True,Religious/Political (Chinese history education),,,,,,,,,,,,,,,,,,,,,,,,,,,,,,,,,,,,,,,Likes the gentle art; unclear gameplay; hopes it is not a card game; wishes for historical educational content
27327328,,,,,,,,,,,,,,,,,,,,,,,,,,,,,,,,,,,,,,,,,
27317093,,,,,,,,,,,,,,,,,,,,,,,,,,,,,,,,,,,,,,,,,
27316764,,,,,,,,,,,,,,,,,,,,,,,,,,,,,,,,,,,,,,,,,Asks what the gameplay/genre is; core mechanics are unclear
27297999,,,,,,,,,,,,,,,,,,,,,,,,,,,,,,,,,,,,,,,,,
27264924,,,,,,,,,,,,,,,,,,,,,,,,,,,,,,,,,,,,,,,,,
27180902,,,,,,,,,,,,,,,,,,,,,,,,,,,,,,,,,,,,,,,,,
27170154,,,,,,,,,,,,,,,,,,,,,,,,,,,,,,,,,,,,,,,,,Thinks it resembles a mythic Three Kingdoms; asks when the test will start
27165434,,,,,,,,,,,,,,,,,,,,,,,,,,,,,,,,,,,,,,,,,Will revisit after the first test to update impressions
27143129,,,,,,,,,,,,,,,,,,,,,,,,,,,,,,,,,,,,,,,,,
27084948,,,,,,,,,,,,,,,,,,,,,,,,,,,,,,,,,,,,,,,,,
27068253,,,,,,,,,,,,,,,,,,,,,,,,,,,,,,,,,,,,,,,,,Loves the art but is cautious due to bad experiences with past games
27057917,,,,,,,,,,,,,,,,,,,,,,,,,,,,,,,,,,,,,,,,,
27052129,,,,,,,,,,,,,,,,,,,,,,,,,,,,,,,,,,,,,,,,,
27031900,,,,,,,,,,,,,,,,,,,,,,,,,,,,,,,,,,,,,,,,,Likes civilization-building games; unsure if this game matches that style; 4-star expectation
27003972,,,,,,,,,,,,,,,,,,,,,,,,,,,,,,,,,,,,,,,,,
26963177,,,,,,,,,,,,,,,,,,,,,,,,,,,,,,,,,,,,,,,,,Praises the art and says the official team looks active; cheering the team on
26911560,,,,,,,,,,,,,,,,,,,,,,,,,,,,,,,,,,,,,,,,,
26895121,True,Religious/Political (operating China vs other civilizations to compete),,,,,,,,,,,,,,,,,,,,,,,,,,,,,,,,,,,,,,,Unsure if gameplay is Civ-like 4X or Koei's Romance of the Three Kingdoms global map
26890618,,,,,,,,,,,,,,,,,,,,,,,,,,,,,,,,,,,,,,,,,Skeptical of 'simulator' games that are actually ad platforms; will adjust rating if it truly simulates
26865331,,,,,,,,,,,,,,,,,,,,,,,,,,,,,,,,,,,,,,,,,
26857553,,,,,,,,,,,,,,,,,,,,,,,,,,,,,,,,,,,,,,,,,Asks when the game will be playable
26849540,,,,,,,,,,,,,,,,,,,,,,,,,,,,,,,,,,,,,,,,,Asks for an official community group and warns they'll criticize if disappointed
26806188,,,,,,,,,,,,,,,,,,,,,,,,,,,,,,,,,,,,,,,,,
26796507,,,,,,,,,,,,,,,,,,,,,,,,,,,,,,,,,,,,,,,,,No gameplay shown; many character illustrations; rating given only for art; will re-rate after release
26794639,,,,,,,,,,,,,,,,,,,,,,,,,,,,,,,,,,,,,,,,,
26785430,,,,,,,,,,,,,,,,,,,,,,,,,,,,,,,,,,,,,,,,,Asks about gameplay type and whether farming is possible
26780930,,,,,,,,,,,,,,,,,,,,,,,,,,,,,,,,,,,,,,,,,Wants reasonable monetization; hopes microspenders can play comfortably; likes the art and Chinese style
26760447,,,,,,Requests a rigorous tech tree,,,,,,,,,,,,,,,,,,,,,,,,,,,,,,,,,,,"References Dream Pool Essays, Tiangong Kaiwu, and Qimin Yaoshu as sources for a historical tech tree"
26759128,,,,,,,,,,,,,,,,,,,,,,,,,,,,,,,,,,,,,,,,,
26751198,,,,,,,,,,,,,,,,,,,,,,,,,,,,,,,,,,,,,,,,,Mentions Xishi is included; expresses anticipation
26737737,,,,,,,,,,,,,,,,,,,,,,,,,,,,,,,,,,,,,,,,,
26725180,,,,,,,,,,,,,,,,,,,,,,,,,,,,,,,,,,,,,,,,,
26724426,,,,,,,,,,,,,,,,,,,,,,,,,,,,,,,,,,,,,,,,,
26715597,,,,,,,,,,,,,,,,,,,,,,,,,,,,,,,,,,,,,,,,,
26707205,,,,,,,,,,,,,,,,,,,,,,,,,,,,,,,,,,,,,,,,,
26706523,,,,,,,,,,,,,,,,,,,,,,,,,,,,,,,,,,,,,,,,,
26695641,,,,,,,,,,,,,,,,,,,,,,,,,,,,,,,,,,,,,,,,,
26677975,,,,,,,,,,,,,,,Idle collection and character raising; suggests ad insertion as monetization; possible gacha,False,,,,,,,,,,,,,,,,,,,,,,,,,Thinks the art looks by one artist; expects idle/collection; worries it may be ad-heavy; suspects gacha; monetization unclear
26655813,,,,,,,,,,,,,,,,,,,,,,,,,,,,,,,,,,,,,,,,,Art critique: male characters look like doll faces and lack masculinity
26654063,,,,,,,,,,,,,,,,,,,,,,,,,,,,,,,,,,,,,,,,,
26653220,,,,,,,,,,,,,,,,,,,,,,,,,,,,,,,,,,,,,,,,,
26640046,,,,,,,,,,,,,,,,,,,,,,,,,,,,,,,,,,,,,,,,,
26610948,,,,,,,,,,,,,,,,,,,,,,,,,,,,,,,,,,,,,,,,,
26595394,,,,,,,,,,,,,,,,,,,,,,,,,,,,,,,,,,,,,,,,,
26594372,True,Religious/Political (use of 'Huaxia' branding; approval concern; female-oriented art vs historical theme),,,,,,,,,,,,,,,,,,,,,,,,,,,,,,,,,,,,,,,No gameplay/intro provided; art is female-oriented; questions if the 'Huaxia' title can pass approval
26581932,,,,,,,,,,,,,,,,,,,,,,,,,,,,,,,,,,,,,,,,,
26567695,,,,,,,,,,,,,,,,,,,,,,,,,,,,,,,,,,,,,,,,,
26567208,,,,,,,,,,,,,,,,,,,,,,,,,,,,,,,,,,,,,,,,,
26564010,,,,,,,,,,,,,,,,,,,,,,,,,,,,,,,,,,,,,,,,,
26561195,,,,,,,,,,,,,,,,,,,,,,,,,,,,,,,,,,,,,,,,,
26557874,,,,,,,,,,,,,,,,,,,,,,,,,,,,,,,,,,,,,,,,,Hopes male characters are drawn more tough/masculine; overall anticipation is high
26554910,,,,,,,,,,,,,,,,,,,,,,,,,,,,,,,,,,,,,,,,,
26550017,,,,,,,,,,,,,,,,,,,,,,,,,,,,,,,,,,,,,,,,,
26549511,,,,,,,,,,,,,,,,,,,,,,,,,,,,,,,,,,,,,,,,,
26547938,,,,,,,,,,,,,,,,,,,,,,,,,,,,,,,,,,,,,,,,,
26547665,,,,,,,,,,,,,,,,,,,,,,,,,,,,,,,,,,,,,,,,,
26547659,,,,,,,,,,,,,,,,,,,,,,,,,,,,,,,,,,,,,,,,,
26547172,,,,,,,,,,,,,,,,,,,,,,,,,,,,,,,,,,,,,,,,,
26520347,,,,,,,,,,,,,,,,,,,,,,,,,,,,,,,,,,,,,,,,,Male characters lack masculinity; requests improvements to male character art
26515829,,,,,,,,,,,,,,,,,,,,,,,,,,,,,,,,,,,,,,,,,Worried a small team may not sustain development; cheers the team on
26505434,,,,,,,,,,,,,,,,,,,,,,,,,,,,,,,,,,,,,,,,,
26498013,True,Religious/Political (avoid disrespecting history like the Jiangnan Baijingtu controversy),,,,,,,,,,,,,,,,,,,,,,,,,,,,,,,,,,,,,,,Warns against exploiting history while insulting it; asks for historical respect
26477738,True,Religious/Political (prefers being observers of history rather than altering it),,,,,,,,,,,,,,,,,,,,,,,,,,,,,,,,,,,,,,,"Prefers players be bystanders to history, not participants altering events"
26471363,,,,,,,,,,,,,,,,,,,,,,,,,,,,,,,,,,,,,,,,,The theme is risky; hopes the team delivers and avoids underperforming
26467345,,,,,,,,,,,,,,,,,,,,,,,,,,,,,,,,,,,,,,,,,
26453793,,,,,,Requests diverse tech/policy choices and controllable armies,,,,,,,,,,,,,,,,,,,,,,,,,,,,,,,,,,,Wants unusual tech paths and policy experiments; hopes for controllable battles and faster building; dislikes idle resource-collection designs
26443363,,,,,,,,,,,,,,,,,,,,,,,,,,,,,,,,,,,,,,,,,
26443221,,,,,,,,,,,,,,,,,,,,,,,,,,,,,,,,,,,,,,,,,Hopes it is not another Jiangnan Baijingtu / Coconut Island-style reskin
26435378,,,,,,,,,,,,,,,,,,,,,,,,,,,,,,,,,,,,,,,,,Requests more masculine male characters (especially generals); avoid stereotype-based stats tied to bios; asks how many schools of philosophy will be included
26426509,,,,,,,,,,,,,,,,,,,,,,,,,,,,,,,,,,,,,,,,,Likes the art; gameplay remains unknown
26421142,,,,,,,,,,,,,,,,,,,,,,,,,,,,,,,,,,,,,,,,,
26400657,,,,,,,,,,,,,,,,,,,,,,,,,,,,,,,,,,,,,,,,,Good art but insufficient information; observing for now
26383357,,,,,,,,,,,,,,,,,,,,,,,,,,,,,,,,,,,,,,,,,Critiques emperors as too effeminate; emperors should look strong
26383107,,,,,,,,,,,,,,,,,,,,,,,,,,,,,,,,,,,,,,,,,Only character art is shown; hard to judge the game
26378552,,,,,,,,,,,,,,,,,,,,,,,,,,,,,,,,,,,,,,,,,
26365119,,,,,,,,,,,,,,,,,,,,,,,,,,,,,,,,,,,,,,,,,Urges focus on character stories and narrative; warns not to rely solely on visuals; emphasizes strong plot
26334966,,,,,,,,,,,,,,,,,,,,,,,,,,,,,,,,,,,,,,,,,
26322507,,,,,,,,,,,,,,,"Management/operation plus character raising; early achievements grant premium currency, later tasks by developed characters generate more",True,,,,,,,,,,,,,,,,,,,,,,,,,"Expects small-team launch content to be limited; proposes monetization with a gacha 'Scholars Scroll', premium currency for buying/upgrading characters, non-premium for management buffs, premium-funded wonders, and limited-time paid characters that are strong early but balanced later"
26321043,,,,,,,,,,,,,,,,,,,,,,,,,,,,,,,,,,,,,,,,,
26259049,,,,,,,,,,,,,,,,,,,,,,,,,,,,,,,,,,,,,,,,,Art raises expectations; official replies boosted hype; hopes to play soon
26168136,,,,,,,,,,,,,,,,,,,,,,,,,,,,,,,,,,,,,,,,,
26137664,True,Religious/Political (calls for respect for historical accuracy and originality),,,,,,,,,,,,,,,,,,,,,,,,,,,,,,,,,,,,,,,No gameplay demo; emperors look too effeminate; urges originality and respect for history; asks to avoid heavy monetization
26105868,,,,,,,,,,,,,,,,,,,,,,,,,,,,,,,,,,,,,,,,,Asks for an approximate internal test timing
26075629,True,Religious/Political (avoid ideological bias and historical revisionism),,,,,,,,,,,,,,,,,,,,,,,,,,,,,,,,,,,,,,,Cites Jiangnan Baijingtu as a caution; asks to avoid biased content
26074897,True,Religious/Political (respect historical accuracy),,,,,,,,,,,,,,,,,,,,,,,,,,,,,,,,,,,,,,,Wants the game to respect history
26073600,,,,,,,,,,,,,,,,,,,,,,,,,,,,,,,,,,,,,,,,,
26063619,,,,,,,,,,,,,,,,,,,,,,,,,,,,,,,,,,,,,,,,,Wants devs to listen to player feedback; likes the art; 5-star anticipation
26003876,True,Religious/Political (controversy over including Goryeo/Korea among featured civilizations),,,,,,,,,,,,,,,,,,,,,,,,,,,,,,,,,,,,,,,Questions why Goryeo is presented alongside others; still rates highly for the costumes
25997323,,,,,,,,,,,,,,,,,,,,,,,,,,,,,,,,,,,,,,,,,
25986940,,,,,,,,,,,,,,,,,,,,,,,,,,,,,,,,,,,,,,,,,Requests inclusion of the general Chen Qingzhi; jokes about spending
25977778,,,,,,,,,,,,,,,,,,,,,,,,,,,,,,,,,,,,,,,,,
25976302,,,,,,,,,,,,,,,,,,,,,,,,,,,,,,,,,,,,,,,,,Points out anatomy issues in Mo Xi's illustration (very long thin neck); requests adjustments
25970191,True,Religious/Political (asks for accurate integration with history to avoid misleading players),,,,,,,,,,,,,,,,,,,,,,,,,,,,,,,,,,,,,,,"Likes history and the art; wants more characters and strong story; hopes for broad cultural coverage (poetry, virtues) and balanced portrayals"
25967741,,,,,,,,,,,,,,,,,,,,,,,,,,,,,,,,,,,,,,,,,
25962314,,,,,,,,,,,,,,,,,,,,,,,,,,,,,,,,,,,,,,,,,Likes the character art; worried about forced monetization; asks if Shennong will be included.
25961892,,,,,,,,,,,,,,,,,,,,,,,,,,,,,,,,,,,,,,,,,Ads are acceptable if timing is controlled; requests to avoid intrusive ad placements like forcing an ad when opening the inventory.
25956672,,,,,,,,,,,,,,,,,,,,,,,,,,,,,,,,,,,,,,,,,"Wants outfits to match their historical era; hopes for a casual, low-grind experience."
25949958,,,,,,,,,,,,,,,,,,,,,,,,,,,,,,,,,,,,,,,,,
25945961,,,,,,,,,,,,,,,,,,,,,,,,,,,,,,,,,,,,,,,,,Asks to respect culture and history; opposes forced loli settings and BL-bait style commercialization.
25944107,,,,,,,,,,,,,,,,,,,,,,,,,,,,,,,,,,,,,,,,,
25944047,,,,,,,,,,,,,,,,,,,,,,,,,,,,,,,,,,,,,,,,,Positive impression of polite devs; hopes the game will not be too pay-heavy.
25936100,,,,,,,,,,,,,,,,,,,,,,,,,,,,,,,,,,,,,,,,,
25935667,,,,,,,,,,,,,,,,,,,,,,,,,,,,,,,,,,,,,,,,,
25932200,,,,,,,,,,,,,,,,,,,,,,,,,,,,,,,,,,,,,,,,,Character designs are very attractive; the user likes idle/AFK-style games.
25931072,,,,,,,,,,,,,,,,,,,,,,,,,,,,,,,,,,,,,,,,,
25929539,,,,,,,,,,,,,,,,,,,,,,,,,,,,,,,,,,,,,,,,,"Requests specific historical figures (Li He, Li Shangyin, Du Mu, Li Daoyuan)."
25928014,,,,,,,,,,,,,,,,,,,,,,,,,,,,,,,,,,,,,,,,,Positive about dev attitude; looking forward to the game.
25926389,,,,,,,,,,,,,,,,,,,,,,,,,,,,,,,,,,,,,,,,,
25923256,,,,,,,,,,,,,,,,,,,,,,,,,,,,,,,,,,,,,,,,,
25914270,,,,,,,,,,,,,,,,,,,,,,,,,,,,,,,,,,,,,,,,,Willing to pay if AI/system depth and internal event interactions are done well; warns against poor-quality execution like some peers.
25909566,,,,,,,,,,,,,,,,,,,,,,,,,,,,,,,,,,,,,,,,,Excited to see many ancient/mythic figures beyond the usual famous roster; history enthusiast thrilled.
25905165,,,,,,,,,,,,,,,,,,,,,,,,,,,,,,,,,,,,,,,,,
25903976,,,,,,,,,,,,,,,,,,,,,,,,,,,,,,,,,,,,,,,,,Points out an anatomy issue in promo art (Mei Xi’s neck looks too long compared to others).
25900960,,,,,,,,,,,,,,,,,,,,,,,,,,,,,,,,,,,,,,,,,
25900465,,,,,,,,,,,,,,,,,,,,,,,,,,,,,,,,,,,,,,,,,
25900109,,,,,,,,,,,,,,,,,,,,,,,,,,,,,,,,,,,,,,,,,Strongly urges the team to maintain high-quality character illustrations.
25898051,,,,,,,,,,,,,,,,,,,,,,,,,,,,,,,,,,,,,,,,,Asks if gameplay is similar to the Civilization series; concerned about high barrier to entry and heavy grind.
25897461,,,,,,,,,,,,,,,,,,,,,,,,,,,,,,,,,,,,,,,,,Likes historically oriented games; values historical authenticity and educational aspects.
25896909,,,,,,,,,,,,,,,,,,,,,,,,,,,,,,,,,,,,,,,,,Praises the female character art and detailed costume shading; asks if Jiang Ziya will be included.
25895192,,,,,,,,,,,,,,,,,,,,,,,,,,,,,,,,,,,,,,,,,
25894040,,,,,,,,,,,,,,,,,,,,,,,,,,,,,,,,,,,,,,,,,
25888760,,,,,,,,,,,,,,,,,,,,,,,,,,,,,,,,,,,,,,,,,Thinks devs are polite; okay with IAP and ads if not excessive; hopes not to repeat another title’s disappointment.
25820392,,,,,,,,,,,,,,,,,,,,,,,,,,,,,,,,,,,,,,,,,Strongly advocates respecting history and not judging the game solely by art style; criticizes unfounded claims about historical disrespect; defends slightly feminine art as acceptable; requests avoiding extreme/‘edgy’ design choices.
25869542,,,,,,,,,,,,,,,,,,,,,,,,,,,,,,,,,,,,,,,,,Fan of Huo Qubing; asks not to heavily rewrite/‘magic-change’ historical figures.
25866760,,,,,,,,,,,,,,,,,,,,,,,,,,,,,,,,,,,,,,,,,Wants the Qing dynasty included.
25866339,,,,,,,,,,,,,,,,,,,,,,,,,,,,,,,,,,,,,,,,,Suggestions: keep costumes era-accurate; CP (bg/bl/gl) is fine but avoid confusing marketing or official pairs that contradict prior promotion; keep grind low for a relaxing management game; avoid heavy monetization to keep barriers low.
25866178,,,,,,,,,,,,,,,,,,,,,,,,,,,,,,,,,,,,,,,,,
25864455,,,,,,,,,,,,,,,,,,,,,,,,,,,,,,,,,,,,,,,,,Dev is polite and art is pretty; must respect history; ads/IAP are acceptable but should be limited; simulation management player looking forward.
25863934,,,,,,,,,,,,,,,,,,,,,,,,,,,,,,,,,,,,,,,,,Asks if Da Yu’s walking animation will reflect the historical ‘Yu step’ due to his injured foot.
25862614,,,,,,,,,,,,,,,,,,,,,,,,,,,,,,,,,,,,,,,,,Asks if gameplay is like the Crusader Kings series.
25860519,,,,,,,,,,,,,,,,,,,,,,,,,,,,,,,,,,,,,,,,,Feels the devs listen to players; hopes the game keeps moving in a player-friendly direction.
25857763,,,,,,,,,,,,,,,,,,,,,,,,,,,,,,,,,,,,,,,,,
25856318,,,,,,,,,,,,,,,,,,,,,,,,,,,,,,,,,,,,,,,,,Hopes to avoid ‘edgy’ operations seen in past historical games; notes some character art proportions look odd (deducted a star).
25850360,,,,,,,,,,,,,,,,,,,,,,,,,,,,,,,,,,,,,,,,,Loves Bai Qi; requests a handsome depiction that isn’t overly fierce.
25848890,,,,,,,,,,,,,,,,,,,,,,,,,,,,,,,,,,,,,,,,,Very excited about the pretty female characters.
25846939,,,,,,,,,,,,,,,,,,,,,,,,,,,,,,,,,,,,,,,,,Loves historical figure roster; asks to stay true to characters and avoid extreme rewrites; requests adding Daji.
25845661,,,,,,,,,,,,,,,,,,,,,,,,,,,,,,,,,,,,,,,,,
25845076,,,,,,,,,,,,,,,,,,,,,,,,,,,,,,,,,,,,,,,,,Reserving storage space for the game; loves the art enough to keep it installed even if disappointed.
25844117,,,,,,,,,,,,,,,,,,,,,,,,,,,,,,,,,,,,,,,,,"Requests careful depiction of historical roles (e.g., Li Bai not primarily a Taoist; Xin Qiji was a general); keep grind reasonable; avoid CP pairings like Yuan Zhen & Bai Juyi; handle controversial figures responsibly; ensure F2P and spenders share the same core experience."
25840224,,,,,,,,,,,,,,,,,,,,,,,,,,,,,,,,,,,,,,,,,Art looks good; hopes the full release won’t disappoint.
25838006,,,,,,,,,,,,,,,,,,,,,,,,,,,,,,,,,,,,,,,,,History fan; asks not to create non-historical CPs—only reflect relationships that actually existed.
25835259,,,,,,,,,,,,,,,,,,,,,,,,,,,,,,,,,,,,,,,,,
25835206,,,,,,,,,,,,,,,,,,,,,,,,,,,,,,,,,,,,,,,,,
25832782,,,,,,,,,,,,,,,,,,,,,,,,,,,,,,,,,,,,,,,,,Believes the game can succeed if it avoids ‘edgy’ choices; requests no gender-bending or arbitrary forgiveness arcs; prefers historically accurate CPs only; suggests in-game cultural education; urges innovation over reskins.
25831070,,,,,,,,,,,,,,,,,,,,,,,,,,,,,,,,,,,,,,,,,Hopes the game won’t repeat the issues of the competitor Wangchuan Fenghualu.
25830313,,,,,,,,,,,,,,,,,,,,,,,,,,,,,,,,,,,,,,,,,
25829637,,,,,,,,,,,,,,,,,,,,,,,,,,,,,,,,,,,,,,,,,Wants no disrespect to history and no odd forced CP pairings.
25829244,,,,,,,,,,,,,,,,,,,,,,,,,,,,,,,,,,,,,,,,,
25827716,,,,,,,,,,,,,,,,,,,,,,,,,,,,,,,,,,,,,,,,,5-star support; hopes to get a spot in the first test.
25826015,,,,,,,,,,,,,,,,,,,,,,,,,,,,,,,,,,,,,,,,,Asks about closed beta timing; likes management/tycoon games.
25824171,,,,,,,,,,,,,,,,,,,,,,,,,,,,,,,,,,,,,,,,,
25822582,,,,,,,,,,,,,,,,,,,,,,,,,,,,,,,,,,,,,,,,,Art and genre are appealing; hopes the game is not overly monetized—micro-spending is acceptable.
25822510,,,,,,,,,,,,,,,,,,,,,,,,,,,,,,,,,,,,,,,,,Praises refined ink-wash national style; hopes gameplay quality matches the art quality.
25821455,,,,,,,,,,,,,,,,,,,,,,,,,,,,,,,,,,,,,,,,,Urges the team to prioritize fun and longevity; holding off full rating until proven.
25821082,,,,,,,,,,,,,,,,,,,,,,,,,,,,,,,,,,,,,,,,,"Asks what the exact gameplay is: idle progression, companion sim, card battler, single-player or multiplayer?"
25819917,,,,,,,,,,,,,,,,,,,,,,,,,,,,,,,,,,,,,,,,,
25819462,,,,,,,,,,,,,,,,,,,,,,,,,,,,,,,,,,,,,,,,,Compliments dev politeness; personally not into the genre but thinks it’s about ancient states.
25816157,,,,,,,,,,,,,,,,,,,,,,,,,,,,,,,,,,,,,,,,,"Asks if it’s otome-oriented; criticizes over-feminized depictions of male figures (e.g., King Wen of Zhou)."
25813483,,,,,,,,,,,,,,,,,,,,,,,,,,,,,,,,,,,,,,,,,Wants historical accuracy; points out a typo in promo text (Lei Zu was written incorrectly).
25813403,,,,,,,,,,,,,,,,,,,,,,,,,,,,,,,,,,,,,,,,,Suggests a buy-to-play model.
25811371,,,,,,,,,,,,,,,,,,,,,,,,,,,,,,,,,,,,,,,,,
25810048,,,,,,,,,,,,,,,,,,,,,,,,,,,,,,,,,,,,,,,,,
25808863,,,,,,,,,,,,,,,,,,,,,,,,,,,,,,,,,,,,,,,,,Corrects the name/character of Lei (Lei) Zu; requests accurate naming.
25807418,,,,,,,,,,,,,,,,,,,,,,,,,,,,,,,,,,,,,,,,,Art looks good; hopes there will be some recharge/payment channels.
25806906,,,,,,,,,,,,,,,,,,,,,,,,,,,,,,,,,,,,,,,,,Promo art looks good; doesn’t know the gameplay yet; notes Lei Zu was written as ‘螺祖’ by mistake.
25799045,,,,,,,,,,,,,,,,,,,,,,,,,,,,,,,,,,,,,,,,,
25797030,,,,,,,,,,,,,,,,,,,,,,,,,,,,,,,,,,,,,,,,,
25796295,,,,,,,,,,,,,,,,,,,,,,,,,,,,,,,,,,,,,,,,,Requests mechanics like ruler-specific attributes and events such as assassination attempts on powerful emperors.
25796270,,,,,,,,,,,,,,,,,,,,,,,,,,,,,,,,,,,,,,,,,
25795296,,,,,,,,,,,,,,,,,,,,,,,,,,,,,,,,,,,,,,,,,"Corrects the name: it should be ‘妺喜’ (Mo Xi), not ‘妹喜’."
25793635,,,,,,,,,,,,,,,,,,,,,,,,,,,,,,,,,,,,,,,,,
25792998,,,,,,,,,,,,,,,,,,,,,,,,,,,,,,,,,,,,,,,,,Only character art is shown; requests actual gameplay/UI screenshots; hopes for varied gameplay to avoid reskin fatigue.
25790711,,,,,,,,,,,,,,,,,,,,,,,,,,,,,,,,,,,,,,,,,
25788477,,,,,,,,,,,,,,,,,,,,,,,,,,,,,,,,,,,,,,,,,
25788288,,,,,,,,,,,,,,,,,,,,,,,,,,,,,,,,,,,,,,,,,
25788119,,,,,,,,,,,,,,,,,,,,,,,,,,,,,,,,,,,,,,,,,
25787302,,,,,,,,,,,,,,,,,,,,,,,,,,,,,,,,,,,,,,,,,"Points out clothing/hair inaccuracies (loose hair and left-lapped garment), implying historical costume mistakes."
25786936,,,,,,,,,,,,,,,,,,,,,,,,,,,,,,,,,,,,,,,,,
25785687,,,,,,,,,,,,,,,,,,,,,,,,,,,,,,,,,,,,,,,,,
25782931,,,,,,,,,,,,,,,,,,,,,,,,,,,,,,,,,,,,,,,,,
25782336,,,,,,,,,,,,,,,,,,,,,,,,,,,,,,,,,,,,,,,,,Loved art; okay with ads or buyout if sustainable; asks for gameplay video; concerned about dev revenue if relying solely on ads.
25782249,,,,,,,,,,,,,,,,,,,,,,,,,,,,,,,,,,,,,,,,,"Art is attractive; okay with some ads and moderate monetization, but not an ad simulator or blatant cash-grab."
25780854,,,,,,,,,,,,,,,,,,,,,,,,,,,,,,,,,,,,,,,,,
25776768,,,,,,,,,,,,,,,,,,,,,,,,,,,,,,,,,,,,,,,,,Criticizes the lack of real gameplay footage and reliance on character art; requests actual in-game visuals.
25780556,,,,,,,,,,,,,,,,,,,,,,,,,,,,,,,,,,,,,,,,,Says the art team is what they most look forward to.
25780013,,,,,,,,,,,,,,,,,,,,,,,,,,,,,,,,,,,,,,,,,"Asks whether the game is single-player or online; if single-player, suggests a buyout model; finds IAPs exhausting; asks about release timing."
25775385,,,,,,,,,,,,,,,,,,,,,,,,,,,,,,,,,,,,,,,,,Art style praised.
25775262,,,,,,,,,,,,,,,,,,,,,,,,,,,,,,,,,,,,,,,,,
25763461,,,,,,,,,,,,,,,,,,,,,,,,,,,,,,,,,,,,,,,,,
25761474,,,,,,,,,,,,,,,,,,,,,,,,,,,,,,,,,,,,,,,,,
25754416,,,,,,,,,,,,,,,Simulation/management civilization building with technology development (research).,True,,,,,,,,,,,,,,,,,,,,,,,,,
25588664,,,,,,,,,,,,,,,Collect/recruit notable scholars and assign them to work/production tasks.,True,,,,,,,,,,,,,,,,,,,,,,,,,
25582813,,,,,,,,,,,,,,,,,,,,,,,,,,,,,,,,,,,,,,,,,
25569581,,,,,,,,,,,,,,,,,,,,,,,,,,,,,,,,,,,,,,,,,
25560695,,,,,,,,,,,,,,,,,,,,,,,,,,,,,,,,,,,,,,,,,Likes the art style; unsure about gameplay quality.
