app_id,app_title,review_id,review_publish_time,review_score,review_author_user_id,review_author_user_name,device,review_played_spent,up_rating_aspects,down_rating_aspects,review_content_raw_text,comments,review_up_votes,review_down_votes
772909,粒粒的小人国,46479733,2025-09-29 08:20:31,5,572518627,星河,Vivo IQOO Z8,,[],[],"怎么下载
",,1.0,
772909,粒粒的小人国,46479591,2025-09-29 08:04:25,5,109756929,手机用户109756929,iPhone 16 Pro Max,,[],[],快点出,,,
772909,粒粒的小人国,46479589,2025-09-29 08:04:19,4,579172852,了无,Android 设备,,[],[],我已经向我的朋友们推荐了这款游戏，因为它真的非常棒！它不仅有着卓越的性能，而且非常易于使用。,,,
772909,粒粒的小人国,46479546,2025-09-29 08:00:20,5,565145228,Aqr_,Huawei Mate 60 Pro,,[],[],非常期待种田休闲这个模式，对策划的小想法：能否基于种田休闲之上，收获的食物进行烹饪？在此之上增加类似分手厨房的闯关玩法？ （分手厨房没有手游真的难顶）,,1.0,
772909,粒粒的小人国,46479201,2025-09-29 07:28:27,5,107356509,洋洋,小米15,,[],[],超级喜欢这样的画风，这让我想起了双人成行，超级喜欢冒险类游戏，还让我想起了后花园变小的那个游戏，超酷的好吗，早点儿出吧，我超想玩这个游戏啊，希望公测能抽到我，这游戏真的是一眼喜欢，爱了爱了,,1.0,
772909,粒粒的小人国,46478975,2025-09-29 06:58:07,5,650852310,99岁不发烧,Android 设备,,[],[],"这个画风我真的好喜欢,在🍅里面弹出来的一下给我带到这里了,希望衣服多出些好看有个性的",,1.0,
772909,粒粒的小人国,46478230,2025-09-29 05:29:04,5,463190576,白夜,iQOO 9,,[],[],"喜欢，什么时候发？
",,1.0,
772909,粒粒的小人国,46478160,2025-09-29 05:21:03,5,674168548,555,Vivo X90s,,[],[],喜欢画风希望衣服漂亮一点不要太贵,,1.0,
772909,粒粒的小人国,46477725,2025-09-29 04:25:16,5,459757909,嗷呜呜,Android 设备,,[],[],可以联机吗,,1.0,
772909,粒粒的小人国,46477600,2025-09-29 04:07:16,5,602875421,兔兔不乖,小米24090RA29C,,[],[],喜欢这种建造模式，画风很可爱，期待一波,,1.0,
772909,粒粒的小人国,46477065,2025-09-29 03:09:37,5,18305994,化貓丶,Android 设备,,[],[],画风实在是太萌，近期新游里最心动的一款！感觉重燃了1819年那会对模拟经营的爱😻希望PC能保持实机演示水平，就是不知道我的手机能不能撑得住了（）,,1.0,
772909,粒粒的小人国,46476622,2025-09-29 02:14:56,2,419817132,玖,OPPO Reno14,,[],[],别到时候又疯狂买量，上线爆火一段时间后就快死了一样,,1.0,
772909,粒粒的小人国,46476139,2025-09-29 00:41:18,5,543409665,HQ,Vivo X90 Pro,,[],[],期待粒粒😘，很久没有看到这么符合审美的游戏了，画风太萌太可爱了，希望早日公测啊粒粒。😍😍😍,,1.0,
772909,粒粒的小人国,46476138,2025-09-29 00:41:02,5,536561216,乌梅子酱,Redmi K70 Ultra,,[],[],希望粒粒小人国上线爆“粒”，人气满“粒”😝😝😝,,1.0,
772909,粒粒的小人国,46476104,2025-09-29 00:33:06,5,31273252,手机用户31273252,HUAWEI Nova 9,,[],[],什么时候才公测啊,,1.0,
772909,粒粒的小人国,46475982,2025-09-28 23:57:30,4,715755706,宝宝,Honor Play 6T,,[],[],什么时候上线,,1.0,
772909,粒粒的小人国,46475329,2025-09-28 17:52:47,5,660315452,Besok,Android 设备,,[],[],玩过心动小镇的非常期待！！！什么时候上线啊,,1.0,
772909,粒粒的小人国,46474932,2025-09-28 16:33:09,5,424746037,青栀,OPPO K12 5G,,[],[],"
这个游戏什能上线啊？看着好好玩",,1.0,
772909,粒粒的小人国,46473865,2025-09-28 14:16:31,4,719247301,温柔又能打,Vivo IQOO Neo9S Pro+,,[],[],不会又是各种氪金吧 现在不氪金都没法玩了,,3.0,
772909,粒粒的小人国,46472402,2025-09-28 11:06:00,5,579367318,柚言,Huawei Enjoy 60,,[],[],什么时候上线啊？,,2.0,
772909,粒粒的小人国,46471934,2025-09-28 10:04:08,5,485756965,零碎冰.,OPPO Reno7中国版,,[],[],什么时候上线呀,,2.0,
772909,粒粒的小人国,46471718,2025-09-28 09:32:53,5,9018680,姑娘请留步,小米13,,[],[],最近各大厂模拟经营游戏扎堆出，这款让人眼前一亮，有双人成行的影子，画面更精致玩法更多，很期待上线，但是腾讯游戏我现在几乎不玩，满屏幕的红点各种活动都需要点开，点进去就是领个蚊子肉材料，我非常讨厌这样的模式，我希望小人国的界面不要这样搞，很喜欢这款风格的游戏，希望搞个干净的界面，送的材料都集中起来，不要搞那种像每天打卡一样点这点那点的超级烦,,4.0,
772909,粒粒的小人国,46471122,2025-09-28 08:19:54,5,26259642,apple,小米Mi 11 Lite 5G,,[],[],说真的蛮期待的 画风很治愈 只是希望优化好点 尽快开测,,1.0,
772909,粒粒的小人国,46470528,2025-09-28 06:53:25,5,382437500,KEVIN's friend,HONOR Magic6 Pro,,[],[],真的好喜欢😍美术风格真的很治愈😘想起了《巴布工程师》又或是《小熊杰里米》的动画风格 早起新裤子乐队的MV也是这种感觉 爱了爱了😛😻,,1.0,
772909,粒粒的小人国,46470341,2025-09-28 06:26:19,5,62250444,❁⃘𖤣𖥧*ﾟ.,Android 设备,,[],[],"我是一定会玩的。这种能建房子能种地的游戏我也玩了不少（战绩可查）。比如摩尔庄园，小森生活，心动小镇，梦想家园，米姆米姆哈等。就连蛋仔派对，元梦之星，无限暖暖这种类型的游戏，我也在里面疯狂种地，建造。
玩了这么多，我现在唯一没舍得退游的就是心动，它吸引我的点就是：
1.不用做10个以上的订单获取金币和经验升级。站在玩家角度思考，谁会喜欢每天上线做这么多订单，而且订单里的物品需要两三种不一样的。还有数不清的机器需要升级（凭这点，米姆哈和梦想家园踩雷，一个多月我就退游了）
2.心动的每日任务很简单，比如几个苹果，或者几条鱼，物资获取的方式也很简单。没有各种说不清的加工器。做完任务就可以到处跑跑，逛逛邻居家房子。
3.可以养小猫小狗，这是最重要的！
4.家具能互动的很多，小猫还可以自己上猫爬架，小狗会进狗窝睡觉等
5.载具也可以不氪金就能获取，只不过氪金的载具更好看，这一点很吸引刚入坑的玩家，因为不知道游戏的可玩性，很多玩家根本不会直接氪金。

支持这个游戏多多缝合别的游戏，把别的游戏的好玩的地方都参考一下！！希望1.0版本内测的时候就已经是让人觉得很好玩的了！😈
",7.0,65.0,1.0
772909,粒粒的小人国,46470066,2025-09-28 05:47:17,5,647271017,萌萌生,小米24094RAD4C,,[],[],"书桌、窗台这些平常的场景，变成了超有趣的冒险地，微观世界的细节满满，风吹草动都栩栩如生
。玩法也超有创意！身边小物件都能有新用途，耳机线成了秋千，眼镜盒变成沙发，发挥想象就能打造独一无二的家园 。还能采集阳光、花香这些特别的资源，用它们做出各种奇妙的东西，每次采集都像一场温柔的冒险。
NPC粒粒们也超暖，有100多种，每个都有独立性格和记忆，会记得和你一起做过的事，跟它们互动就像和真正的朋友相处，轻松又自在，这才是真正有温度的社交 。
玩这个游戏，感觉时间都慢下来了，压力一下就没了，真的是我的心灵乌托邦！",1.0,38.0,1.0
772909,粒粒的小人国,46469872,2025-09-28 05:18:41,5,661870374,藜,小米24117RK2CC,,[],[],刷视频刷到的画风很喜欢很新颖，但目前看到的玩法太单一，如果能加一个打斗模式（想起了一个电脑游戏，但忘记叫什么名字了风格很相像，里面也有一些怪物可以跟朋友一起组团等等）感觉玩法会更多样，不敢想，这种画风弄出来的怪物肯定也会很有趣，可以没事组团去打怪获得相对应的奖品以及服装等等 ,,4.0,
772909,粒粒的小人国,46469031,2025-09-28 03:28:51,5,665390182,一口一个汤圆圈,Android 设备,,[],[],最近快被各家宣发迷花眼但这个真的是最眼前一亮让我心动的一款！设定和画风完全就是童话王国！感觉很适合各色联动比如宫崎骏迪士尼皮克斯之类的，如果自由度是比较高的那种的话我真的要在这个游戏里住下了😌（虽然但是希望我的手机撑得住😇,,5.0,
772909,粒粒的小人国,46468884,2025-09-28 03:09:28,5,659293516,花鸢,OPPO Reno13,,[],[],什么时候上线呀？这个，要等很久吗？,,2.0,
772909,粒粒的小人国,46468225,2025-09-28 01:33:25,1,65765660,手机用户65765660,小米Xiaomi 14 Pro,,[],[],腾子的游戏啊，那不期待了，典型的pv诈骗嘛，隔壁无限大至少还有实机演示，这个怕不是又来个cg当实机，然后招商引资才开始做吧,,12.0,2.0
772909,粒粒的小人国,46468068,2025-09-28 01:06:38,5,606221246,Lomy*,Android 设备,,[],[],还挺期待的  这个画风非常喜欢  终于找到了一款喜欢的游戏 希望早日上线 另外求求内测名额😘🙏,,1.0,
772909,粒粒的小人国,46467547,2025-09-27 21:59:27,5,30786978,君君86,Android 设备,,[],[],"很喜欢这个画风，如果最后的游戏内效果真是这种画风的话，我觉得应该会挺受玩家欢迎的，建议好好做旋转视角，因为我晕3d...
玩法无非就是模拟经营老一套，所以独特的画风和操作舒适度很重要！！",,11.0,
772909,粒粒的小人国,46467450,2025-09-27 20:41:20,5,514850504,北沫·,Vivo IQOO Neo9S Pro,,[],[],第一眼看到宣传图给我的感觉是手游版双人成行，仔细的品味一下，发现这个游戏有别样话的建筑风格和独特的玩法一下子让我期待往了，还有这卡通的三D小人建模真是不错的创新被，被深深地吸引到我很期待能拿到测试资格去玩一下同时也期待它的上线！😆,,4.0,
772909,粒粒的小人国,46467140,2025-09-27 18:13:06,5,530923624,冬冬,Android 设备,,[],[],这个预告真的期待了！！许愿一个让晕3d的人也能良好接受的转视角🙏🙏,,,
772909,粒粒的小人国,46466496,2025-09-27 16:20:26,5,452161242,蝎,读书郎 G100,,[],[],感觉这游戏可比心动小镇好多了，无论是动作还是画质都比心动小镇强很多。希望可以云玩吧。如果能的话立马把心动小镇注销了,,12.0,
772909,粒粒的小人国,46466246,2025-09-27 15:49:58,5,32133205,长安.,联想启天K10 Pro,,[],[],多人联机是可以和伙伴一起互动吗？,,,
772909,粒粒的小人国,46466003,2025-09-27 15:21:03,5,120563833,User120563833,Vivo IQOO Z9 Turbo,,[],[],今年能上线吗,1.0,,
772909,粒粒的小人国,46465968,2025-09-27 15:16:49,5,384219567,萝卜萝卜,Android 设备,,[],[],快公测！！,,2.0,
772909,粒粒的小人国,46465940,2025-09-27 15:14:00,5,346057568,榛子,小米Xiaomi Pad 5 Pro,,[],[],就你了，去干掉心动小镇,,,
772909,粒粒的小人国,46465629,2025-09-27 14:39:35,5,51052409,·童·话·,红魔9S Pro+,,[],[],希望不要再是抽卡啊，轮盘的什么获取方法了，会失去动力的😖😖😖😖,,,
772909,粒粒的小人国,46465522,2025-09-27 14:28:57,5,717666339,芫慕,Honor Play 40 Plus,,[],[],看画风，很喜欢很喜欢，啥时候上线！！！,,,
772909,粒粒的小人国,46465346,2025-09-27 14:06:31,4,492752710,青兔,HONOR 100,,[],[],什么时候上市呀,,,
772909,粒粒的小人国,46465259,2025-09-27 13:54:42,4,380033705,日向原子,华为ADA-AL00,,[],[],感觉还可以，就是看pv的效果有点担心移动端的优化,,,
772909,粒粒的小人国,46464966,2025-09-27 13:22:21,5,742070474,哈哈,华为AGS6-W00,,[],[],这个游戏我预约了，要多久才能上线啊？,,,
772909,粒粒的小人国,46464871,2025-09-27 13:10:46,3,483483754,User483483754,华为 Mate40,,[],[],木偶小游戏精彩，设计新颖欢快，画面清楚优美！,,2.0,
772909,粒粒的小人国,46464409,2025-09-27 12:12:44,5,673449472,Eragon,Vivo IQOO Neo8,,[],[],画风好可爱，玩法丰富，等公测了,,1.0,
772909,粒粒的小人国,46464344,2025-09-27 12:03:28,5,735023894,清纯女不高,华为ABR-AL90,,[],[],"你们这都是预约多久能玩的？
",,,
772909,粒粒的小人国,46463464,2025-09-27 10:07:20,5,631757754,墨蘭舒,Honor 90,,[],[],希望能有更多值得探险的区域,,1.0,
772909,粒粒的小人国,46463284,2025-09-27 09:45:03,5,60910588,L,一加手机11 5G中国版,,[],[],这种画风可以期待一手,,1.0,
772909,粒粒的小人国,46463136,2025-09-27 09:28:03,1,670090288,安安,小米23073RPBFC,,[],[],我想问一下为什么预约之后还是不能玩？,1.0,1.0,1.0
772909,粒粒的小人国,46459599,2025-09-27 03:18:40,1,736682431,天降祥瑞💗🌸,荣耀 60 5G,,[],[],"不是，这诈骗啊？预约一天了

",1.0,5.0,2.0
772909,粒粒的小人国,46463012,2025-09-27 09:13:54,5,424709387,欣,一加手机13,,[],[],可以联机吗,,4.0,
772909,粒粒的小人国,46462800,2025-09-27 08:48:27,5,660295520,m~,华为畅享9S,,[],[],刷到视频感觉很好玩，但不知道什么时候上架,,,
772909,粒粒的小人国,46462459,2025-09-27 08:13:07,5,627210267,^小哭包_.XX,Vivo V2001A,,[],[],这个怎么下载啊,,1.0,
772909,粒粒的小人国,46462205,2025-09-27 07:47:13,4,481572344,Ohh,Vivo IQOO Z9,,[],[],感觉画风挺好的，就是想问一下可以联机吗,,2.0,
772909,粒粒的小人国,46462158,2025-09-27 07:41:07,5,391645001,白,Android 设备,,[],[],什么时候上线啊，感觉这个画风挺戳我的，感觉萌萌的,,2.0,
772909,粒粒的小人国,46462080,2025-09-27 07:33:33,5,654453867,早睡、,小米Mi 10,,[],[],什么时候上线啊？,1.0,2.0,
772909,粒粒的小人国,46461873,2025-09-27 07:12:55,3,715976319,鑫源源,Vivo V2166A,,[],[],什么时候上架？🙂,,4.0,
772909,粒粒的小人国,46461841,2025-09-27 07:09:35,5,499008049,华昇,Oppo A58,,[],[],能不能下载？,1.0,1.0,
772909,粒粒的小人国,46461818,2025-09-27 07:06:28,5,528830171,User528830171,OPPO A7,,[],[],所以这游戏啥时候上线？,,1.0,
772909,粒粒的小人国,46461666,2025-09-27 06:52:42,3,729229415,ღ᭄ꦿ姜，好运ᥫᩣ．,OPPO Reno13 Pro,,[],[],什么时候能玩,,1.0,
772909,粒粒的小人国,46461640,2025-09-27 06:50:38,5,597950119,巷子外,小米Redmi Note 8,,[],[],什么时候出公测呀？我已经迫不及待了！看着就很可爱😁,,3.0,
772909,粒粒的小人国,46461611,2025-09-27 06:47:49,5,663371465,冰总🧊,HONOR JDY-AN00,,[],[],希望能快点上线,,2.0,
772909,粒粒的小人国,46461473,2025-09-27 06:33:46,4,608420905,余欢,Vivo S16e,,[],[],什么时候上线,,1.0,
772909,粒粒的小人国,46461129,2025-09-27 05:54:54,5,433637322,User433637322,OPPO Find X7,,[],[],小时候很喜欢宫崎骏的借物小人阿莉埃蒂，看到这个设定一下就被吸引了，很期待！,,12.0,
772909,粒粒的小人国,46461126,2025-09-27 05:54:37,5,706319868,柒柒,Vivo V2020A,,[],[],游戏什么时候上线呀？,,,
772909,粒粒的小人国,46460996,2025-09-27 05:39:43,5,360022303,月吟,Vivo V2068A,,[],[],期待期待，太喜欢这种画风了感觉应该挺自愈的,,,
772909,粒粒的小人国,46460964,2025-09-27 05:36:35,5,541509214,璃儿,OPPO A55 5G,,[],[],希望能出一个能让好友一起建造的功能😁😝,,,
772909,粒粒的小人国,46460945,2025-09-27 05:33:47,5,593908527,陌陌,Android 设备,,[],[],种田，盖房子，换装，都给整上吧，期待。,,,
772909,粒粒的小人国,46460923,2025-09-27 05:31:03,5,662132228,默 哥.🚬,OPPO Reno7中国版,,[],[],什么时候可以玩,,,
772909,粒粒的小人国,46460912,2025-09-27 05:29:30,3,665024660,往这里看,小米24094RAD4C,,[],[],预约了，什么时候才能玩໒꒰ྀིᜊ꒦ິ^꒦ິᜊ ꒱ྀིა ,,4.0,
772909,粒粒的小人国,46460805,2025-09-27 05:18:16,5,726791616,沐汐,OPPO Reno标准版,,[],[],没啥意思，玩什么呀？可是拉拉的那个拉拉的小人国的那个怎么玩？又没有下载，又没有搞什么搞啊。😞,2.0,1.0,
772909,粒粒的小人国,46460612,2025-09-27 04:55:26,5,725922476,糖豆,HONOR ALT-AN00,,[],[],我这个还没上线，很想玩,,1.0,
772909,粒粒的小人国,46460421,2025-09-27 04:37:01,4,730778336,小星宝儿⭐️,小米 Redmi Note 9 Pro 5G,,[],[],可以再把这个游戏给发展成一个简单点的吗？比如说跟蛋仔那样,,1.0,1.0
772909,粒粒的小人国,46460343,2025-09-27 04:29:07,5,637032769,熙熙,OPPO R17,,[],[],什么时候可以下载游戏啊！！！,,,
772909,粒粒的小人国,46460317,2025-09-27 04:26:08,5,106634385,博丽灵谣,华为Mate40 RS保时捷版,,[],[],有一说一，就pv这画质上手机端是不现实的，但是这画风真的好喜欢，希望手机上别阉割太多了,,19.0,
772909,粒粒的小人国,46460296,2025-09-27 04:24:24,4,427819336,。。,Redmi K40 游戏增强版,,[],[],无限小？,,,
772909,粒粒的小人国,46460242,2025-09-27 04:19:59,5,741968104,冉冉-.-,OPPO PFTM20,,[],[],超级巨无敌好玩，里面的画风特别有氛围感,2.0,1.0,
772909,粒粒的小人国,46460195,2025-09-27 04:14:52,5,741967092,超级鸭子and,荣耀畅玩 20,,[],[],"我想玩什么时候上线？

",,,
772909,粒粒的小人国,46459566,2025-09-27 03:15:24,5,556012419,风轻云淡,OPPO PJG110,,[],[],这个画风太喜欢了！什么时候公测啊,,1.0,
772909,粒粒的小人国,46459496,2025-09-27 03:10:33,1,669916486,三三,Vivo V2121A,,[],[],"不是我都用了好几天了，这怎么还不能玩啊，我等的耐心都破了，不是，这到底能不能玩儿啊我都要崩溃了

",5.0,1.0,1.0
772909,粒粒的小人国,46459350,2025-09-27 02:56:28,5,84212673,虞祎鱼（祁煜）,Vivo V2121A,,[],[],感觉和心动小镇差不多 但是这个游戏说的不用做任务不肝  心动小镇太肝了  而且我觉得这个画风好可爱 而且心动小镇抽什么衣服都要大保底 钱要充的多,,27.0,
772909,粒粒的小人国,46459320,2025-09-27 02:52:23,5,613613245,你的名字,联想启天K10 Pro,,[],[],正在预约，所以粒粒的小人国应该还不能玩吧？,,1.0,
772909,粒粒的小人国,46459133,2025-09-27 02:32:59,4,717335118,小纸条^,OPPO A55 5G,,[],[],怎么才能进入游戏,,1.0,
772909,粒粒的小人国,46458772,2025-09-27 01:53:20,5,651867461,周饭,Redmi Note 12 Turbo,,[],[],刚刷到视频就火速预约，很期待，画风不错，衣服还可以随便搭配，不用做任务😍,,20.0,
772909,粒粒的小人国,46458482,2025-09-27 01:25:42,1,729985622,诺言,荣耀 畅玩30 Plus,,[],[],预约的游戏怎么下载呀,4.0,11.0,2.0
772909,粒粒的小人国,46458462,2025-09-27 01:24:03,5,672170636,玫玖,Vivo Y77,,[],[],加油，干掉心动小镇我给你充钱,,2.0,
772909,粒粒的小人国,46458367,2025-09-27 01:15:34,5,723103613,不哭,一加手机Ace 5,,[],[],好期待知道什么时候开服或者内侧吗,,1.0,
772909,粒粒的小人国,46458221,2025-09-27 01:04:37,3,610717309,魚-念念,OPPO PGBM10,,[],[],这个游戏到底什么时候可以玩,,3.0,
772909,粒粒的小人国,46458010,2025-09-27 00:38:24,5,417635354,⊙﹏⊙,OPPO PFGM00,,[],[],这个游戏什么时候上线？,,1.0,
772909,粒粒的小人国,46457696,2025-09-26 23:43:02,5,738828150,Laymanྉ（俗人）,OPPO Reno7中国版,,[],[],"场景视觉冲击很不错，值得一玩
",,,
772909,粒粒的小人国,46457663,2025-09-26 23:36:22,5,728351770,林曦韵.ᵃ,Vivo Y53t,,[],[],什么时候上线？期待😁😁,,,
772909,粒粒的小人国,46457429,2025-09-26 22:10:11,5,734523035,🤡,iQOO 9,,[],[],好玩😆😆😆感觉我也变小了😁😁😁,,1.0,
772909,粒粒的小人国,46457221,2025-09-26 20:12:29,4,112456014,清梦,Vivo S18 Pro,,[],[],什么时候公测,,,
772909,粒粒的小人国,46457027,2025-09-26 18:53:16,5,6200695,(。・`ω´・)开心,Vivo IQOO Z9 Turbo长续航版,,[],[],只要不骗氪一切都好说,,,
772909,粒粒的小人国,46456154,2025-09-26 16:14:35,5,653231311,路茗,华为BRA-AL00,,[],[],一定要联机啊，不联机没意思，比如:像一个镇像心动小镇一样😭😭😭,,,
772909,粒粒的小人国,46455957,2025-09-26 15:50:47,5,728158651,墨涟,Vivo V2162A,,[],[],这个游戏什么时候上线呀？,,,
772909,粒粒的小人国,46455950,2025-09-26 15:49:45,5,735718074,金爷,Honor 90,,[],[],藤校大厂开发的，给人童话梦幻世界的粒粒小人国，令人充满期待😇,,2.0,
772909,粒粒的小人国,46455940,2025-09-26 15:47:34,3,23365148,Morty,Android 设备,,[],[],美术很不错，尤其是毛茸茸的建模材质很戳我，玩法上有双人成行加模拟经营的感觉，是我喜欢的类型，可惜鹅厂运营很难评，之前也有过pv诈骗的例子，如果移动端和pv差距不大倒是可以入坑一手，先预约三星观望下。,,14.0,1.0
772909,粒粒的小人国,46455648,2025-09-26 15:16:34,5,651536227,孤独的小笼包,HONOR JDY-AN00,,[],[],已经预约了，什么时候可以玩呀,,1.0,
772909,粒粒的小人国,46455383,2025-09-26 14:50:09,5,654060867,阿鱼小公主,HUAWEI MatePad SE,,[],[],什么时候能玩,,,
772909,粒粒的小人国,46454919,2025-09-26 14:05:51,5,707845644,眉宿智,Android 设备,,[],[],快上线！别太肝别氪，活动多新颖点做任务能领的，太圈没人玩，因为心动小镇就这样，我都退了。,,7.0,
772909,粒粒的小人国,46453888,2025-09-26 12:26:50,5,439817975,术桓,华为HONOR View20,,[],[],画风很不错 玩法也有意思 什么时候出呢,,,
772909,粒粒的小人国,46453733,2025-09-26 12:10:53,4,7089952,方方鹅,Android 设备,,[],[],先给个四分吧真的很期待这个，看起来完全不像tx的游戏。画风真的很好，玩法好像也有些小巧思。最重要的是这个游戏没有什么“既视感”，在国内游戏这种大环境全都在抄袭的情况下突然出来个这种很清新的真的感觉挺新颖的，希望能好好做吧。,,7.0,
772909,粒粒的小人国,46453449,2025-09-26 11:44:07,5,654366210,小鱼不吃小鱼干,华为 Nova 5 Pro,,[],[],我以前也是这样，被心动小镇拐入坑的，不过感觉这个画面很好😋,,,
772909,粒粒的小人国,46453097,2025-09-26 11:09:16,5,1773735,嘉乔九荼,Android 设备,,[],[],画风好可爱～看到第一眼就喜欢了，今年终于出了几个精美种田的游戏，看了一眼还是腾子的，希望腾子不要搞，再观望一下～,,10.0,
772909,粒粒的小人国,46453013,2025-09-26 11:01:51,5,705288405,Ks蕊蕊,华为 Nova 5i Pro,,[],[],"这个什么时候才能玩啊？

",,,
772909,粒粒的小人国,46452464,2025-09-26 10:08:43,5,663569915,松栗奶油,vivo Y200i,,[],[],我感觉画风好可爱，我感觉心动小镇越来越无聊，我都不想玩心动小镇了，赶紧上线吧!,,9.0,
772909,粒粒的小人国,46452028,2025-09-26 09:29:19,5,16490345,宿寒灯,Realme真我GT7 Pro,,[],[],"都是北极光工作室的游戏，能不能和天刀也联动一下😘
先说一下我觉得好的和可以优化的点
目前可以看到实机展示有换肤色发型五官服装等的界面，希望可以有更换脸型（比如脸更圆或者更瘦的选项）五官这部分希望可以有眼睛形状更多样的类型，比如可以有双眼皮，眼睛更大，眼尾上翘或者下垂等选项，耳朵希望可以调节，最好可以有精灵耳的选项😙初始发型和服装也希望有更多一点的选择。
之前看游戏制作人和游戏媒体的对话，说游戏内还是有一定的社交玩法，比如需要组队打副本类，应该是有类似PV里面三个小人一起坐着茶杯漂流打东西那种，还有更高难度的东西，不反对出这些玩法，但是希望也能有ai队友，可以相对来说采集的素材比真人队友的要少一些。然后平时应该可以邀请好友来到自己的桌面世界做客玩耍。
因为游戏背景是小人国世界，所以种田玩法变成花盆里种大草莓或者其他植物我还是可以接受的，PV里还有做食物给粒粒们吃和各种采集素材的内容，感觉生活建造模拟类游戏的大部分玩法都包含了，地图也有除了桌面以外的其他区域，比如我就很期待那个生态水缸，里面会不会有很多水精灵之类的粒粒生物呢
另外有日夜天气系统很好，就是不知道能不能做出四季的气候变化，春夏秋冬，各个季节的地图都有不一样的变化，PV看到有冬天飘雪的场景，不过感觉不是很冬天的样子，可能是风格受限？
看到momo的联动了😆应该就是这个粉色小恐龙玩偶服吧😊可可爱爱
其他的游戏玩法希望还有可以深入的点😉快点首测吧！我要内测资格😋
最后说一下希望和天刀联动的地方，最好是双向联动，粒粒这边可以出武侠风的小衣服😁甚至可以出天刀这边门派武器做成的家具，比如扇子的大屏风，剑的避雷针这种😆然后天刀这边可以出童话风外观和小猫乌帕的挂件😉乌帕带着我们飞的坐骑也可以实现😆
",1.0,21.0,
772909,粒粒的小人国,46451904,2025-09-26 09:18:18,5,603872199,今晚要早睡,Realme GT Neo2 5G,,[],[],看预告片期待值拉满了 希望游戏不要那么抠 不要高开低走 好好运营 加油,,6.0,
772909,粒粒的小人国,46451454,2025-09-26 08:30:57,5,358721027,糖果儿,Redmi K70 Ultra,,[],[],什么时候上线,,,
772909,粒粒的小人国,46450523,2025-09-26 06:55:09,5,557173604,사랑,Android 设备,,[],[],什么时候出啊,,,
772909,粒粒的小人国,46450446,2025-09-26 06:44:22,5,737800397,还不错,小米Redmi 6,,[],[],什么时候测试，说真的已经迫不及了，希望能多出一些漂亮的衣服，能自己当裁缝的话就更好了。,,14.0,
772909,粒粒的小人国,46450194,2025-09-26 06:14:46,5,551936182,楠玖,OPPO Reno 5,,[],[],很期待什么时候上线呀,,,
772909,粒粒的小人国,46449750,2025-09-26 05:21:25,5,357508773,氷間岑月,Vivo IQOO Neo8 Pro,,[],[],"    希望能有适合孤狼玩家的单机玩法，游戏内容推进不要绑定社交，如果不绑社交我一定会为了宣传片里的超绝ui设计入坑，但是比如说某种“家具”“种子”“时装”必须我去别的玩家家园里玩社交玩法，那就算了不想玩。
    我并不抵制社交内容，意思是希望玩家有两条路可以选，喜欢孤狼玩法的和喜欢社交的都能玩，毕竟喜欢社交的随时都能自己玩，但是喜欢孤狼的可没办法随时和其他人一起玩
    我还是很期待这个游戏的，真的，宣传里的ui是最吸引我的一点，看起来好治愈好好看",,15.0,
772909,粒粒的小人国,46449442,2025-09-26 04:47:10,4,31271896,666,小米Xiaomi 14,,[],[],抄袭,,,
772909,粒粒的小人国,46449010,2025-09-26 04:01:40,5,640411429,小小,Android 设备,,[],[],看着不错，希望玩的时候别太麻烦，别天天做任务跑来跑去的，专注装扮小屋吧,,11.0,
772909,粒粒的小人国,46448322,2025-09-26 02:53:16,5,674519840,Echoseven,Web 官网,,[],[],很期待哇！！这个画风好戳我，希望有一定的自由度！少一些乱七八糟的小游戏,,6.0,
772909,粒粒的小人国,46448173,2025-09-26 02:41:19,4,445094078,为雯崽唱情歌,OPPO Reno9 Pro 5G,,[],[],很期待这款游戏呢，快点上线吧🌚急,,1.0,
772909,粒粒的小人国,46448079,2025-09-26 02:31:06,5,126451073,Garfield,OPPO Find X8,,[],[],小人国玩法很少见，期待期待，希望把吸的那个东西换成一键拾取，或者踢树砍树掉落拾取，玩过米姆米姆哈，那个吸的东西实在不喜欢,,8.0,
772909,粒粒的小人国,46447850,2025-09-26 02:06:01,5,649747361,婲粉,Android 设备,,[],[],希望能捏脸！！！或者官方改一下眼睛，眼距太大了感觉不聪明的样子，脚掌有点大，走路像哥布林，希望能改一下！！,1.0,54.0,
772909,粒粒的小人国,46447776,2025-09-26 01:56:05,5,41780199,你算什么小动物,Android 设备,,[],[],ui要简洁明了些，功能要齐全，利用qq微信的优势,,,
772909,粒粒的小人国,46447663,2025-09-26 01:36:12,5,329422635,迷人挽,"iPad14,8 ",,[],[],超治愈的画风 真的期待值拉满了，快快上线叭！,,,
772909,粒粒的小人国,46447443,2025-09-26 00:51:45,5,505575696,晓,小米Xiaomi 14,,[],[],"画风太喜欢！上线肯定会玩，希望快点上线！
因为是鹅游戏，起码希望这个游戏氪金只氪在服装上面，不要氪家具，服装也希望出符合画风的衣服，别出什么闪光大翅膀那些",,8.0,
772909,粒粒的小人国,46447408,2025-09-26 00:44:14,5,47353084,布达佩斯大饭桶,Android 设备,,[],[],"非常喜欢这个画风，打瓦的时候被弹出的宣传片吸引也是突然。玩过同类型游戏，我认为这种休闲类游戏最重要的就是自由度，可以随意探索可以自由建造。天下游戏一大抄，做不出创新就多缝，游戏最重要的画风元素，爱玩双人成行的秒被宣传片吸引，虽然总是单机游戏但社交上希望允许多人联机的，这个画风无论如何都要带我的朋友一起玩上。😋
提点我在休闲游戏里最喜欢的环节，烹饪模式，我希望不要一味流水线做饭的游戏，增添自由度，让玩家根据菜谱自由操刀，或者玩家根据自由菜品创造食谱也是蛮有意思。如果游戏里需要增添效率把烹饪时间缩短或任务道具数量要求缩短即可，已熟知的菜谱可以根据道具直接做出，也允许玩家自由制作这样最佳，拜托真的很爱玩点厨房小游戏。
同理彩妆上也可以自由发挥。
小人国里想养自己的小人，希望有职业进修这一选项，假如我想成为一个理发师，我需要从学徒做起，负责给npc洗头理发等等；拉着推车去大世界面向其他粒粒摆摊也行，赚钱的方式多种多样最好。
游戏道具各种场所，希望多点交互选项，这样会让游戏更有活感和趣味性，玩家也能沉浸式的体验。
非常期待该游戏，不知道什么时候会有测试资格，听说游戏有pc端，因此我对画风是否会如pv般精致，还是不存疑的。
如果成品不负期待，我只能说这次真的大事很妙了。
",110.0,652.0,16.0
772909,粒粒的小人国,46446949,2025-09-25 21:55:48,5,690721464,h,Vivo IQOO Pad Air,,[],[],这个可以联机吗😯,,,
772909,粒粒的小人国,46431416,2025-09-24 05:07:35,5,611068440,嘿哈,Android 设备,,[],[],"1.希望给独狼玩家能够在自己的家园里diy一个可跟随，可在家园里自主行动的角色。服装与主控共用。不想要太多社交。
想养cp/oc，想要自己和oc住一起。(｡･ω･｡)
2 .假如有小游戏、副本那些，希望在不想要玩小游戏的时候可以在主游戏里卸载，需要再下载，像贝比岛那样。这样应该可以腾点内存。",30.0,370.0,1.0
772909,粒粒的小人国,46446502,2025-09-25 18:58:28,5,2101128,NN,Android 设备,,[],[],期待感拉满了，很喜欢的治愈风格。以前都是一些广告。动画才有的。真没想到游戏也让我遇到了，藤子，这真的是我第一次发自内心的喜欢一个游戏，王者我都没这么喜欢过。好治愈啊画面。可是为什么要让我这么早看到，内测资格我是不敢想了。从来没有中过。就不能上线前几天再让我看到吗😭😭😭好难等啊😭😭😭好痛苦。什么时候可以玩,,8.0,1.0
772909,粒粒的小人国,46446414,2025-09-25 18:21:58,3,447993433,诶嘿嘿,Android 设备,,[],[],一般如果赚不到钱，游戏不可能好好运营，腾讯的钱都给天子了，和平王者之类的，我持期待，但是有点担心,,15.0,2.0
772909,粒粒的小人国,46445749,2025-09-25 16:16:52,1,352443445,fon,Android 设备,,[],[],国产网游怎么越来越没自己的特色了，缝合怪这一块,3.0,20.0,2.0
772909,粒粒的小人国,46445399,2025-09-25 15:31:11,5,8994882,阿栖吖,Android 设备,,[],[],炒鸡期待，画风非常戳我！！！感觉玩法上和小镇甚至其他家的模拟经营类游戏不是一路的，甚至不是竞品。希望不要强迫社交，给i人一点生存空间🙉另外粒粒明天就上线好嘛！！！好的👌,,7.0,1.0
772909,粒粒的小人国,46443899,2025-09-25 12:44:58,5,23719816,turnsoleV,Vivo IQOO 12 Pro,,[],[],这个可爱再来点帅npc 看上去比今年新出那个好,,,
772909,粒粒的小人国,46443628,2025-09-25 12:15:46,5,36585959,沉梦昂志,一加手机13,,[],[],就这pv和实机演示如果做出来不差太多的话，真的无敌了,,2.0,
772909,粒粒的小人国,46443143,2025-09-25 11:17:20,4,497634633,铁之贝克丶,华为Mate30 Pro,,[],[],横版的话。。。算了。。。。上班族不适合，希望出个竖版的！！！,,1.0,1.0
772909,粒粒的小人国,46443039,2025-09-25 11:06:03,5,677319530,ll,Vivo IQOO Z9,,[],[],"‘小’确幸常满
粒粒的小人国快点上线吧！！！
很喜欢治愈类的游戏，画面真的很可爱很治愈
很期待好好体验一番🥰
希望在粒粒的小人国这款游戏里建设出自己梦想中的小家，渴望通过生动的经营去打造梦幻般的小世界，希望多一些好看的装扮，家具也多多丰富些，期待期待！！！",,24.0,1.0
772909,粒粒的小人国,46443026,2025-09-25 11:04:24,4,482913420,空白,Vivo IQOO Z9 Turbo,,[],[],看着不错，比隔壁技术力强了不是一星半点,,1.0,1.0
772909,粒粒的小人国,46442753,2025-09-25 10:33:30,5,450914835,闪亮梦梦,华为BTK-W00,,[],[],地图一定要做大，不然就会跟心动小镇一样，玩久了就腻了。可以出一个小人国的服装店。要用金币购买服装。而金币呢，要通过探险做任务，获得类似于赚钱,,10.0,1.0
772909,粒粒的小人国,46442516,2025-09-25 10:01:21,5,506439121,魔法恐惧症,Vivo IQOO Z9,,[],[],"pv挺可爱的，希望能有自己的特色，
pv的光影效果看来很耗手机性能，有上移动端的想法是没跑的，希望有些自动清理资源的选择，
不强制社交的话，希望把玩法重心一定要放在经营上，希望可以种田，
长线运营的话，这类游戏没有外部接入的模组是很难一直玩下去的，我认为自己主动开放会更好一点，
希望和pv差不了太多，",,7.0,1.0
772909,粒粒的小人国,46442142,2025-09-25 09:19:05,5,110461994,让我看看,华为荣耀9X,,[],[],也妹说什么时候公测啊！我一般不喜欢预约 ，有就玩没有就不玩,,,1.0
772909,粒粒的小人国,46442014,2025-09-25 09:02:23,5,9247621,盐仑葡,Android 设备,,[],[],啥时候公测？和隔壁星布谷地算是竞品吧,,,1.0
772909,粒粒的小人国,46441900,2025-09-25 08:51:05,5,60923993,林琅儿,Honor 70 Pro,,[],[],"真的很期待粒粒的小人国，
很小的时候就很喜欢这种类型的游戏。
这类型玩的最顺手的就是JungoJam。
希望捏脸穿衣啥的能更自由，oc党狂喜。",,6.0,1.0
772909,粒粒的小人国,46441425,2025-09-25 07:55:33,5,2169387,迩逸,Android 设备,,[],[],看起来还不错，画风是我喜欢的，希望优化能好一点，不希望到时候玩是一个bug游戏。我比较期待还有一个因素，大厂游戏怎么说都要比小厂稳定一点的吧🤔,,11.0,1.0
772909,粒粒的小人国,46441326,2025-09-25 07:45:11,5,28200493,看到我请叫我去学习,Honor Magic5 Pro 5G,,[],[],画风完美戳到我！希望实装保持这个精度和画风！,,,1.0
772909,粒粒的小人国,46441268,2025-09-25 07:38:58,5,33139176,衮鲧,Vivo IQOO Neo9S Pro+,,[],[],画风和玩法都挺吸引人的，角色和服装都很萌，希望多多听取玩家意见，期待上线。,,8.0,2.0
772909,粒粒的小人国,46441185,2025-09-25 07:30:33,5,625346297,喵喵猫🐱,Android 设备,,[],[],不知道咋说，居然有点像大世界跑图？画风还挺有童话感的，希望不要太肝。。。,,9.0,1.0
772909,粒粒的小人国,46441006,2025-09-25 07:12:31,5,358124523,章小星,iPhone 12 Pro,,[],[],冲着小人国这块我也没有理由不冲，谁小时候还没有变小的幻想了，作为经营模拟的老玩家我只想说，这款游戏仅仅通过一个PV宣传和实机演示牢牢抓住我的心，让我心甘情愿想把其他游戏上的金币全搬到粒粒上，粒粒加油！一定会大爆！,,21.0,1.0
772909,粒粒的小人国,46441001,2025-09-25 07:11:59,5,737974337,情人节,iQOO 8 Pro,,[],[],光是看PV就已经想上手试试这个建造系统了~感觉有点治愈+解压。而且每个部件的设计都很不错！期待,,7.0,1.0
772909,粒粒的小人国,46440628,2025-09-25 06:32:30,3,511892753,小梨,Vivo IQOO Neo9,,[],[],啥时候上线啊,,,1.0
772909,粒粒的小人国,46440365,2025-09-25 06:01:45,5,721457703,青春年华,华为Nova 3,,[],[],原来除了房间以外还有外面的探险，收集方式看起来也是治愈派的，希望不要太难啊！,,6.0,1.0
772909,粒粒的小人国,46440236,2025-09-25 05:45:01,5,363182826,丿豆丁,华为 MatePad Pro,,[],[],"这游戏什么时候开始

",,1.0,
772909,粒粒的小人国,46440183,2025-09-25 05:40:01,4,98853258,x,HONOR ALP-AN00,,[],[],快点上线！,,,
772909,粒粒的小人国,46440099,2025-09-25 05:31:22,5,104770514,无辞,华为BLK-AL00,,[],[],腾讯和米哈游真的是相爱相杀啊，米哈游也推出了一款模拟经营的新游戏🌚🌚还是比较希望腾讯能赢啊，QQ登录太方便了,,,
772909,粒粒的小人国,46440092,2025-09-25 05:30:47,5,740756301,花与蛇,Vivo V2072A,,[],[],光是看到画风我就直接预约了，已经忍不住想快点体验了！（主要是我也想领一只乌帕,1.0,6.0,1.0
772909,粒粒的小人国,46440080,2025-09-25 05:29:18,5,9792743,花生家的福尔摩斯,Android 设备,,[],[],"味全对！
不知道现在的游戏厂商都在发什么疯，集体瞄准模拟经营这块的市场。
不过不得不说藤子家不声不响的突然做出来的这个小人国是目前所有模拟经营类缝合手游里味道最对的一个，能明显看出在岛建和小游戏上是下了功夫的。
动森之所以在主机圈火，除了它的社交性和游戏性外，岛建扩展出的耐玩性也是它成功的秘诀之一。
隔壁某小镇就压根没学到这个精髓，岛建做的一坨稀烂还要抽卡，是该有个友商给它上上强度了。
另外这类游戏最大的一个弊端就是玩久了，纯种田钓鱼类的游戏就会乏味，小人国在这个基础上又缝合了一堆多人小游戏玩法，这无疑是游戏的另一大支撑点，让这游戏可以两条腿走路。
总之我还是蛮看好这游戏的前景，至少比某个在慢性死亡的小镇好太多了。
隔壁米家谷地抽走一部分人，小人国再抽走一部分人，真不知道小镇这种摆烂的该怎么活😆😆😆",22.0,304.0,5.0
772909,粒粒的小人国,46439884,2025-09-25 05:10:12,5,17536459,User17536459,Android 设备,,[],[],期待,,,1.0
772909,粒粒的小人国,46439444,2025-09-25 04:31:40,5,741176713,滴滴出行,华为Nova 2s,,[],[],预告片的氛围感拉满了，舒缓的音乐+温馨的画面，质感方面还是挺可以的。,,10.0,1.0
772909,粒粒的小人国,46439814,2025-09-25 05:03:31,5,456793477,江木sama,Android 设备,,[],[],想问大概几年几月上线,,2.0,1.0
772909,粒粒的小人国,46439692,2025-09-25 04:52:34,1,109254223,LuckyCharmsChen,Android 设备,,[],[],这一看不就是隔壁心动小镇 一年了看小镇蛮挣钱也来插一脚,5.0,13.0,8.0
772909,粒粒的小人国,46439670,2025-09-25 04:50:54,5,386376714,藏歌天后泰勒丝,Android 设备,,[],[],这个画面质感好戳我，期待期待，最起码给鹅氪金不会变成结晶回来骂我🤗,,8.0,1.0
772909,粒粒的小人国,46439264,2025-09-25 04:14:58,5,463642566,半夏,华为 Mate40 Pro,,[],[],啥时候能玩啊？太期待了，超爱这种画风，精致可爱打击在我的心巴上,,,
772909,粒粒的小人国,46439219,2025-09-25 04:11:42,5,738730244,是不理人,Huawei Nova 9 Pro,,[],[],音乐听起来很舒缓放松，希望OST也能早点上线，想循环播放。,,1.0,1.0
772909,粒粒的小人国,46438926,2025-09-25 03:46:38,3,631407989,清泉,Huawei Mate 60 Pro,,[],[],当宣传画风与实机体验画风差距较大时，玩家的期待将大打折扣，上线后也会一落千丈，在当下这个新游繁多的时代已经见怪不怪，我想你们也明白这个道理，不如亮出实机画面让大家看看。,,1.0,
772909,粒粒的小人国,46438850,2025-09-25 03:39:39,5,37238723,萌萌虫,iPhone 15,,[],[],看到pv就被狠狠吸引住了，好喜欢这个画风，还可以去森林收集花粉和露珠，好喜欢！！快上线吧，真的太期待了！！！,,10.0,1.0
772909,粒粒的小人国,46435861,2025-09-24 15:53:59,5,737784010,白雪,华为 畅享10,,[],[],微观世界的游戏视角挺独特的，游戏里一颗草莓就是一顿大餐，一个水坑也可以是一片小湖泊，是很新奇的体验了,,,
772909,粒粒的小人国,46438394,2025-09-25 03:02:04,5,737806427,下可爱,华为Nova 3,,[],[],"很想整一辆积木拼出来的方程式，即可爱又拉风                                                      
                                                                                                         ",,,
772909,粒粒的小人国,46438384,2025-09-25 03:00:16,5,102720084,酒酿梅花,Vivo IQOO 12,,[],[],"感觉离上线还有段时间，最近隔壁老米爆了星布谷地，冈易代号奇旅虽然看起来没什么宣发力度但估计也在制作中，但是还是最期待粒粒，这个画风就能在一众经营模拟类游戏里脱颖而出啊。
希望官方优化一下场景精细度，里面很多毛毡质感的东西做成平滑塑料感就完全失去画风优势了，希望上线后质感还在。
拒绝空气墙，有空气墙的游戏跟贴图没什么区别啊，你知道这个画风最适合做什么吗，风之旅人那种自由飞行的大世界，森林地图很好看，但要是不能从植物中间穿过去那当我没说，小人视角的快乐就是在大物件上蹦跶，在植物中间荡秋千。
拒绝随地大小放宝箱和探索提示，无限暖暖那种探索可以，原和逆那种到处都是的就算了吧。
地图做大！大！大！大！大！大！大！大！大！大！大！大！大！大！大！大！大！大！
最好是那种一望无际的大！森！林！大！草！原！可以参考下熊出没奇幻空间那种。
建议弄成光遇那种在公共地图八人一间房，随机刷新，纯单机没钱途，只要联机就能卖点浪漫烟花啥的，这年头浪漫最值钱，再配上浪漫的地图，再冷漠的人都愿意花钱的，这东西卖再贵都没关系，七夕情人节啥的能大赚一笔，让玩家主动联机那遍地都是孤狼，特别是模拟经营类游戏孤狼是最多的。",22.0,362.0,5.0
772909,粒粒的小人国,46438374,2025-09-25 02:59:43,5,423376415,JC荳荳,华为PLR-AL50,,[],[],这个题材直戳我的心巴啊，太喜欢了，咪姆咪姆操作不舒服，玩了几天玩不下去了，心动玩了一年，但是心动对零氪玩家跟微氪玩家很不友好，心动太氪金了！一个卡池得3000RMB才能抽齐，想要其他颜色就得翻倍了，是我玩过的游戏了最夸张的，很不值，腾系的卡池一般几百就能抽齐，所有很期待！,1.0,10.0,1.0
772909,粒粒的小人国,46438027,2025-09-25 02:31:03,5,656247641,小慦.睛,Realme真我V50,,[],[],希望能像心动小镇一样，个人觉得会很好玩哦！！,,,
772909,粒粒的小人国,46437936,2025-09-25 02:24:17,5,572032331,散.,Android 设备,,[],[],游戏画面采用细腻的手绘风格，每一帧都如同精心雕琢的艺术品，光影交错间营造出梦幻般的视觉盛宴，让人沉醉其中无法自拔,,8.0,1.0
772909,粒粒的小人国,46437864,2025-09-25 02:17:58,5,741212685,七月,iPhone 13,,[],[],什么时候上线呀,2.0,,1.0
772909,粒粒的小人国,46437740,2025-09-25 02:06:06,3,383741744,benzh,Web 官网,,[],[],双人同行+心动小镇？,2.0,8.0,
772909,粒粒的小人国,46437715,2025-09-25 02:03:28,5,540858401,☁️,Android 设备,,[],[],"五星期待，希望很精致！
期待能自由度高的建筑向
寡王希望能岛屿单独邀请好友
简单可爱的服装
更多有趣的物品交互！！（这个真的很期待，希望能多一些能交互的物品，哪怕碰一下一点点动效也可！）
不要后期加各种花里胡哨的特效❤️
上线必玩😇",,6.0,1.0
772909,粒粒的小人国,46437584,2025-09-25 01:39:28,5,320141895,亏欠,iPhone 13,,[],[],喜欢,,,1.0
772909,粒粒的小人国,46437543,2025-09-25 01:30:25,3,675134136,。,Vivo IQOO Neo9S Pro+,,[],[],是买断制吗？,,,
772909,粒粒的小人国,46437406,2025-09-25 01:03:30,5,581917838,柯柯🐰,iOS 设备,,[],[],目前这么多模拟生活种田经营的游戏，这是最让我喜欢和一眼心动的！！从视频来看，女儿可爱，不止千篇一律的种田钓鱼，而是添加了冒险和从微观角度主题更让人吸引！！我相信大厂出的游不会差，美工画风都很有质感，非常期待这款游戏，期待明年我们的相遇！！,12.0,135.0,2.0
772909,粒粒的小人国,46437397,2025-09-25 01:01:15,5,65393271,辰辰,Vivo V2463A,,[],[],什么时候内测,,,1.0
772909,粒粒的小人国,46437382,2025-09-25 00:58:02,5,324751244,木li树,小米24115RA8EC,,[],[],什么时候上线呢,,,1.0
772909,粒粒的小人国,46437277,2025-09-25 00:33:43,5,688664753,木木,小米Xiaomi 14,,[],[],可以联机吗,,,1.0
772909,粒粒的小人国,46436689,2025-09-24 19:36:54,5,4893315,传奇·梦世,OPPO PHM110,,[],[],"特别喜欢宫崎骏的作品《借东西的小人阿莉埃蒂》，没想到有生之年居然能玩到腾讯的这种小游戏，挺好的，有个位置，如果真的好玩，会一直玩的，特别喜欢经营，模拟类型的游戏。
如果好玩，不肝，我的钱包就要开始奔向这个游戏啦",,29.0,1.0
772909,粒粒的小人国,46436588,2025-09-24 18:30:44,5,40507307,时,Huawei MatePad Air,,[],[],狠狠期待了，移动端什么时候上线？,,,
772909,粒粒的小人国,46436022,2025-09-24 16:17:47,3,102668010,莫拉卡,Android 设备,,[],[],整体感觉是好看的，但是眼距感觉有点宽啊，看上去人傻傻的……,1.0,3.0,
772909,粒粒的小人国,46435974,2025-09-24 16:10:52,5,451308340,JEN,Honor Magic5 Pro 5G,,[],[],画风建模还是一如既往的精致符合鹅厂出品，不知道建造自由度如何，我主要是喜欢建房子，如果这个在玩法，平衡度上可以超越心动，那我果断心动弃坑，模拟建造游戏开服一年是我自认为的黄金期，真的，多来一些好建材家具吧，我心动啥都没有，天天建海洋城堡都建烂了，风格也没有延续拓展性,1.0,7.0,1.0
772909,粒粒的小人国,46435706,2025-09-24 15:31:22,5,17414642,曦九,Vivo IQOO Z10 Turbo,,[],[],这不是双人成行吗,,3.0,1.0
772909,粒粒的小人国,46435666,2025-09-24 15:24:53,5,98384211,奥奥想哭,红米 K70,,[],[],很期待，steam也要上线免费玩是吗，什么时候上线steam啊,,1.0,
772909,粒粒的小人国,46435637,2025-09-24 15:20:16,5,66895877,萧萧,三星Galaxy S20 FE 5G,,[],[],求好好做时装家装探索，不要搞得太杂乱或者乱七八糟的活动和ui，可以花钱但一定要好好做啊衣服质感装修体验给我提上去！,,2.0,1.0
772909,粒粒的小人国,46433388,2025-09-24 09:49:43,5,345533723,User345533723,Redmi K60,,[],[],"b站有个评论说，这个游戏目前还在比较早期的阶段，还有很多内容需要丰富，测试的话最近也是没戏的，好吧，怪不得，制作组继续努力吧。
——
画风很好看，但是演示玩法很无聊。
建家换装是一个游戏最基本的内容，最主要的玩法是什么呢？我完全看不出来。
举个例子我玩过心动小镇，说实话这游戏画质很感人，但是他在游戏性上确实是有点东西的，她的爱好玩法是服务于赚钱的，而赚钱就可以买衣服买家具。
毕竟可以和朋友在一个小镇，可以开着敞篷车带朋友逛街，一起去下海钓鱼。并且那些爱好玩法也是对游戏玩法的拓展
你这个游戏的主要玩法是什么呢？换装、建造的家具可都是主要的氪金内容，不会是让玩家纯氪金收集吧？
无论是收集材料去建造家具、做衣服还是赚钱去商店买家具和衣服都是你应该展示的。而不是把你的美丽衣服和家具放那一摆就完事了。
而且你这个游戏应该是动森like吧，动森最重要的就是小动物跟玩家的互动。
动森让我觉得有趣的地方在哪呢？
比如你可以用捕虫网去打小动物，然后他会生气，不理你，会哭（哭起来特别可爱，让人忍不住欺负）。
或者你在钓到鱼的时候他在旁边会鼓掌，他会随机的邀请你去他俩或者拜访你家，给你送礼物，夸赞你的建造家具。
如果你被虫子蛰了你去找他对话，他会有对应的反应，甚至是给你药。
你把一些家具放在大世界里，他们会随机的互动，也会随机的看博物馆，钓鱼或者捕虫这些时候你跟他对话，会有相对应的反应
这些才是最应该展示的东西。
你展示的啥，送个礼，一起躺椅子，你自己决定这样互动很有意思吗？
无聊至极的演示。",79.0,130.0,6.0
772909,粒粒的小人国,46435509,2025-09-24 15:02:09,3,378696489,洛白,Android 设备,,[],[],画风挺好的，那套小女巫我是真的心动，但氪金点肯定很多，如果搞成买断制的我就买了，这个我就不玩了，全收集不了会很痛苦。。。,3.0,6.0,
772909,粒粒的小人国,46435430,2025-09-24 14:52:11,5,540144709,小X狐,OPPO PFTM20,,[],[],我只希望占用储存不要像心动小镇那样大，如果像原神或逆水寒太大的话，玩起来手机都可以放进冰箱里面了😅😅😅,,3.0,1.0
772909,粒粒的小人国,46435337,2025-09-24 14:39:19,4,511140658,是丫丫呀,Android 设备,,[],[],看着还不错，希望细节化互动性多一些比如可以和好友打工一起在店里服务客人啊这些,1.0,1.0,1.0
772909,粒粒的小人国,46435309,2025-09-24 14:35:05,5,740383734,Charih🍒,一加手机Ace 3V,,[],[],很漂亮的画风啊，开服玩家能不能多给点福利😍😍😍,,,
772909,粒粒的小人国,46435291,2025-09-24 14:31:33,5,663263878,小鱼冻干,华为BLK-AL80,,[],[],好期待这次的画风！好治愈！第一眼就点预约了！希望这次的游戏让我少氪！！！期待上线！作者大大快点上线啦！等不及啦！,,2.0,1.0
772909,粒粒的小人国,46435260,2025-09-24 14:27:53,5,559695863,。,华为ADY-AL10,,[],[],"很漂亮的画风，超级戳我，天天天天，好喜欢(〃ω〃)，很期待哦，我对于这种模拟类经营的玩法特别喜欢，画风又漂亮，建模也不错，简直非常的棒ദ്ദി ˉ͈̀꒳ˉ͈́ )✧非常期待游戏上架，想要做开服玩家嘿嘿嘿。
提一点我个人的建议，希望有一定的开放玩法，建造希望有模板（手残党真的很需要），希望有一些互动玩法，比如跟好友每天都送一点类似产物的东西，当然最希望的是，礼包定价要合理，能咬咬牙充钱抽的，而不是冲1K多才出的😓😓
谢谢啦，个人意见，仅供参考，不喜勿喷",3.0,83.0,2.0
772909,粒粒的小人国,46435231,2025-09-24 14:24:38,4,611587917,无尽夏,Android 设备,,[],[],"什么时候可以玩
",,1.0,
772909,粒粒的小人国,46435221,2025-09-24 14:23:01,5,592864688,嘟嘟o.O,华为BRA-AL00,,[],[],很期待，被闺蜜分享抖音的pv视频画风种草了，关注评论后立马跑到tap赶紧预约了，希望可以优化一下建筑模式，因为很喜欢建房子pv视频里的建造模式太过简单了，不过没关系就算上线后建造模式一般也不影响我玩，很期待这个游戏上线加油💪,,3.0,1.0
772909,粒粒的小人国,46435212,2025-09-24 14:22:27,5,662164843,xmgz,红米 Note 11,,[],[],咱就是说什么时候会出啊？有人说20多号会出，但是我觉得应该不太可能吧,,3.0,1.0
772909,粒粒的小人国,46435090,2025-09-24 14:03:08,1,379375320,零落未爱,Android 设备,,[],[],这不就是抄袭双人成行吗？,14.0,6.0,8.0
772909,粒粒的小人国,46435078,2025-09-24 14:01:25,5,11891217,小艺cc,Vivo S17t,,[],[],游戏什么时候上线,,,1.0
772909,粒粒的小人国,46434861,2025-09-24 13:32:27,5,604038190,沈庭,Android 设备,,[],[],求你了快上线吧 我已经想让你替代心动小镇了,,1.0,
772909,粒粒的小人国,46434843,2025-09-24 13:30:12,4,41347233,天才少女,Vivo V2162A,,[],[],可以联机吗,1.0,,1.0
772909,粒粒的小人国,46434711,2025-09-24 13:10:47,5,64191163,User64191163,Android 设备,,[],[],画风好看，想玩，不要太肝,,1.0,
772909,粒粒的小人国,46434624,2025-09-24 12:59:38,4,661661736,心动小镇薯条宝宝,Vivo S17,,[],[],我已经预约，这个游戏可以建造房子吗？可以摆放家具吗？那这个游戏什么时候上线？什么时候可以下载开始玩？,,1.0,1.0
772909,粒粒的小人国,46434628,2025-09-24 12:59:45,5,17869938,醒,Vivo X90,,[],[],真的好萌，但是腾讯....希望不会在治愈的游戏画面里塞满活动和充值😇,,1.0,1.0
772909,粒粒的小人国,46434555,2025-09-24 12:48:55,4,642259325,钉钉,Vivo V2156A,,[],[],在家里可以放音乐吗？好喜欢这个功能啊，但是没有游戏做出来😭还有还有嗯，在屋子里面外面下雨的话会漏雨吗？不会像米姆一样还会漏雨吧？还有还有天气可以调吗？真的好喜欢下雨天😭😭,,2.0,1.0
772909,粒粒的小人国,46434461,2025-09-24 12:38:55,5,553606444,ᵒ的沉默代餐,Android 设备,,[],[],大大期待一波哦，希望性能建模剧情玩法什么的不负期待呀!,,,
772909,粒粒的小人国,46434039,2025-09-24 11:39:03,5,530529345,0_0不太星,Vivo S19,,[],[],"我真的很喜欢这个画风啊
下面是我想的（不喜勿喷）思维有些混乱
希望多送些免费的衣服。可以养小动物有小牧场，可以和动物交互，生产产品去镇上卖，赚的钱可以买东西。镇上诊所，美妆店，菜市场，宠物店，小饭店，服装店，零食店，银行，山上矿洞，或者地下世界，水底世界天上的乐园什么的......（希望把这些店铺里面细节化，可玩，比如生的什么病怎么治疗的，小人表现的症状，换妆容可以邀请好友帮忙画，好友给我洗头发什么的也可以自己弄，菜市场推着推车选菜买菜，宠物店动物多样毛茸茸的性格多样，饭店选择吃什么有座位可以坐下吃饭可以打包，塑料袋装或者小背包，服装店可以买便宜服装可以自己搭配，银行存钱取钱有利息可以通过这个赚钱，可以抢劫什么的干坏事被抓起来进监狱被教导，做任务什么的才能出来，出来后对行动地点有限制，过了期限才能继续活动，山上有草药可采集卖给药店，可挖矿卖钱，探索新世界，解锁情报然后开通大人国）可玩可探索，多做点有趣的动作，写些有趣的剧情。
希望（定期有可以做小游戏的活动）每天打卡做任务获取新服饰服装新动作小奖励
希望多多联动
可以联机好友邀请她来小房子
可以整蛊搞破坏，但是别人对主人家造成的破坏一段时间后可以自动回复原样，可以做些小动画让小动物帮忙修",9.0,209.0,3.0
772909,粒粒的小人国,46434210,2025-09-24 12:05:27,5,586945,jerry洛洛,小米24117RK2CC,,[],[],"快做，想玩
从小就特别喜欢小人。
借东西的小人。亚瑟的迷你王国。简直太迷这种设定。
双人成行也玩了很多次。",,1.0,1.0
772909,粒粒的小人国,46434120,2025-09-24 11:51:24,5,440536706,User,HONOR 90 GT,,[],[],每个人所追求的不同，一些人喜欢科技化的社会，但有些人喜欢田园风光，我们喜欢的并不是拇指人“借取”人类生活物资维持生存，而是通过这几样东西所反映出来的安宁，并且通过微型文明展现与人类世界的微妙平衡，探讨自然共生主题,,10.0,1.0
772909,粒粒的小人国,46434108,2025-09-24 11:49:24,5,426230152,随风逐意～(￣▽￣～)~,Redmi  K70 Pro,,[],[],动森➕皮克敏➕禁闭求生➕双人成行。缝合得好的话还是有相当大的潜力的，先好评期待一下。,,5.0,1.0
772909,粒粒的小人国,46434099,2025-09-24 11:48:41,5,495826279,7,OPPO Reno14 Pro,,[],[],看这个画风就很喜欢了，这个发质也是做的特别好，动作也特别灵活，真的好可爱，希望上线的时候不要让玩家失望，这还说啥，直接上线就玩😋,,2.0,1.0
772909,粒粒的小人国,46433991,2025-09-24 11:31:50,5,114050726,安辰,Android 设备,,[],[],希望赶紧上线，干死保底小镇！！！,,,
772909,粒粒的小人国,46433919,2025-09-24 11:19:09,5,662949800,布谷,OPPO Reno10 5G,,[],[],期待，希望建房能自由一点。还有别像某小镇那样每次都是大保底,,,1.0
772909,粒粒的小人国,46433751,2025-09-24 10:52:45,5,20217251,玖渚友,红米 K70,,[],[],期待期待，只要不强制社交一切好说，漂亮衣服明码标价我也会买单的😋😋😋,,2.0,1.0
772909,粒粒的小人国,46433677,2025-09-24 10:41:08,4,125294294,奶香小猪,OPPO Find X8s+,,[],[],不知道可不可以和朋友一起联机玩，想和搭子一起玩，一个人玩的话感觉很容易就腻了。,,3.0,1.0
772909,粒粒的小人国,46433597,2025-09-24 10:26:56,5,437101292,姐毒y无²,Vivo V2046A,,[],[],值得期待，啥时候可以玩呀，别一等就是几年≧▽≦,,,1.0
772909,粒粒的小人国,46433409,2025-09-24 09:53:24,5,668670527,Xxxx.,OPPO Find X8,,[],[],"希望房屋建筑可以有第三视角，可以套用别人的建筑码，合理利用游戏类获得的资源🧡ྀི💛ྀི❤️ྀི

",,7.0,1.0
772909,粒粒的小人国,46433372,2025-09-24 09:48:09,4,47462611,。。。。。。。,一加手机13,,[],[],藤子的下一款爆款游戏,,,
772909,粒粒的小人国,46433267,2025-09-24 09:32:16,5,661301381,空野,HONOR 90 GT,,[],[],完啦，这个画风越看越喜欢，希望能早点玩到啊喂，好可爱的抱抱瓢虫😘😘😘期待期待，超级期待,,3.0,1.0
772909,粒粒的小人国,46433228,2025-09-24 09:26:41,5,442549616,陈陈,荣耀畅玩 20,,[],[],我想问一下，这游戏啥时候正式上线？,,,1.0
772909,粒粒的小人国,46433209,2025-09-24 09:24:51,5,592745049,丨宁卿卿丨,华为ABR-AL80,,[],[],希望加点种田和养花的元素，现实中实现不了，希望游戏里能实现。,,1.0,1.0
772909,粒粒的小人国,46433165,2025-09-24 09:17:22,5,549960441,念初,Android 设备,,[],[],画风喜欢，但千万别搞什么宠物灵宠之类的，太鸡肋，太烦了,,,
772909,粒粒的小人国,46432937,2025-09-24 08:44:26,5,413142391,麻酱啵啵,OPPO A3x 5G,,[],[],所以这是单机还是联机的啊，世界观设定以及画风我都好喜欢,,,1.0
772909,粒粒的小人国,46432907,2025-09-24 08:39:45,5,655169404,优,华为FIN-AL60,,[],[],可不可以出个玩家自定义服装啊,1.0,,1.0
772909,粒粒的小人国,46432870,2025-09-24 08:34:37,3,33730429,村长大人好(✪▽✪),Vivo X200 Pro Mini,,[],[],希望给零氪金玩家多点福利，像以闪一样就很好，就算不氪金也能获得很多免费精致的衣服😍😍😍,2.0,8.0,2.0
772909,粒粒的小人国,46432845,2025-09-24 08:32:01,5,723845878,meow,OPPO Reno12,,[],[],赶紧出吧！鸣哇好可爱的画风，介绍的也好有意思，而且本人很喜欢模拟经营，就是希望不要有什么必须过的任务推着我啊啊啊，还是好可爱,,5.0,1.0
772909,粒粒的小人国,46432825,2025-09-24 08:29:07,5,656135459,千芙芙,Android 设备,,[],[],"期待期待，心动小镇和米姆都玩了半年就疲惫了，希望快点上线，让我开心开心。建模好可爱，希望不要太肝。😊😊
",1.0,10.0,1.0
772909,粒粒的小人国,46432716,2025-09-24 08:13:12,5,737250967,hhh,OPPO Reno14,,[],[],冲冲冲,,,
772909,粒粒的小人国,46432684,2025-09-24 08:08:12,5,70032149,瓶山,Android 设备,,[],[],从小破站来的，画风好喜欢,,,
772909,粒粒的小人国,46432586,2025-09-24 07:57:25,5,101311823,雯,小米2312DRA50C,,[],[],我去，看画风是我最喜欢的风格，游戏什么时候上线啊，没有游戏可以玩了😭😭官方大大游戏快点上线!内测也行呀期待期待😻,,3.0,1.0
772909,粒粒的小人国,46432564,2025-09-24 07:55:28,5,594807059,社恐人,Redmi K60,,[],[],非常期待！心动小镇目前已退游，每次都保底，伤透我心，希望这个新游戏不要这样,,,2.0
772909,粒粒的小人国,46432439,2025-09-24 07:38:01,5,102948373,Ternura,Android 设备,,[],[],希望出多点玩法多点地图，什么时候内测啊,,1.0,1.0
772909,粒粒的小人国,46432349,2025-09-24 07:23:36,5,524203572,婵衣,Android 设备,,[],[],"希望公测会听玩家的建议
建造玩法希望比较自由",,1.0,1.0
772909,粒粒的小人国,46432319,2025-09-24 07:19:29,5,319902236,眠.,Redmi K70 Ultra,,[],[],别和心动小镇米姆米姆一样，整点新意，目前大家对画风什么的都挺感兴趣，不要让大家失望。其实我挺希望这游戏是开放大世界的，目前大世界手游没有这种画风,1.0,20.0,1.0
772909,粒粒的小人国,46432203,2025-09-24 07:02:38,5,470814207,鱼,Honor X50i ,,[],[],和洛克王国一样，可爱的画风，目前最期待的两个游戏,,,
772909,粒粒的小人国,46432045,2025-09-24 06:36:49,5,393853185,猫咪会吃鲷鱼烧吗,Android 设备,,[],[],画风好美，期待！但请问一下，需要种田吗？我真的懒得种田😭,1.0,1.0,1.0
772909,粒粒的小人国,46432004,2025-09-24 06:30:00,5,662870704,yyyyyyyyyyy,Vivo IQOO 10,,[],[],哇这个风格真的狠狠期待住了😍😍😍元梦之星我就很喜欢，腾讯我再期待你一次快点上线吧😍😍😍😍😍😍希望建造可以自由一些，还有种植，联机什么的希望玩法丰富一点，我的钱包已经准备好了😍😍😍,,2.0,
772909,粒粒的小人国,46432006,2025-09-24 06:30:14,5,580310709,亚蛋.,Android 设备,,[],[],喜欢慢生活经营简单种田交友类的😊希望没有战斗型的🙏之前咪姆出的时候真是期望越大失望越大现在还是老老实实玩心动😅虽然心动的缺点也很多不过可以接受，咪姆是真的玩不下去，期待游戏早日上线！！,,16.0,1.0
772909,粒粒的小人国,46432003,2025-09-24 06:29:42,5,46953159,发发发,Android 设备,,[],[],怎么是12+游戏，别给我整童话故事的剧情,1.0,,
772909,粒粒的小人国,46431986,2025-09-24 06:27:40,5,564090706,ㅤㅤ  ￰ㅤ  ㅤ,Honor荣耀X60,,[],[],什么时候上线,,,1.0
772909,粒粒的小人国,46431938,2025-09-24 06:21:41,5,646358255,꧁☆夜幕星河☆꧂,Vivo V2121A,,[],[],粒粒的小人国大吉大粒越来越好😊,,,
772909,粒粒的小人国,46431924,2025-09-24 06:20:29,5,634878371,寒離殇,Android 设备,,[],[],非常期待，尤其是米姆优化不行还想着氪金,,,
772909,粒粒的小人国,46431874,2025-09-24 06:13:01,5,17638290,Bronya,Vivo S15e,,[],[],希望会做模拟器适配,1.0,,1.0
772909,粒粒的小人国,46431820,2025-09-24 06:05:04,4,30100054,薛定谔的猫咪,Android 设备,,[],[],"这个画风！我是真的喜欢啊！
小人国的故事完全抵抗不能！
四星期待！！快点上！
希望不要强制社交，其他社交真的玩累了！
氪金不奢求，至少明码标价，最好和王者一个价！！！
",,6.0,1.0
772909,粒粒的小人国,46431782,2025-09-24 05:59:27,5,740565691,青春没有售价,Redmi Note 12 Turbo,,[],[],很少见的水彩风的游戏，看起来真的很治愈了，非常期待~,,,1.0
772909,粒粒的小人国,46431769,2025-09-24 05:57:49,5,34834481,友利🌻,荣耀 60 5G,,[],[],一定要有烹饪过程和种田啊，一定要有可以把食物摆的到处都是的功能啊,,33.0,1.0
772909,粒粒的小人国,46431645,2025-09-24 05:42:06,5,558291889,哦哦哼,iOS 设备,,[],[],看到一个讨论很有意思耶，可以做一种专门的玩法地图，就是正常的一个人类城市一张地图，可以进去之后去挑战偷物品，可以用来装饰自己家，可以设置那种进去需要用一件东西来抵押，如果被人类发现了的话，既然偷走的东西也不能带回去，抵押的物品也会被收回，如果成功了的话，那成功的物品就可以带回家,5.0,15.0,2.0
772909,粒粒的小人国,46431640,2025-09-24 05:41:33,5,323489815,晴天,一加 Ace 2 pro,,[],[],"几号上线呀？等不及了，希望能把心动小镇比下去
",2.0,2.0,1.0
772909,粒粒的小人国,46431594,2025-09-24 05:35:57,5,631561684,华时照,Android 设备,,[],[],看来是经营，建造，换装元素都具备，玩家应该是男体女体都能选，看来服装会出同一主题有男女两套分开获取，这套小魔女的衣服我好喜欢！！！希望画质不错，能跟宣传pv一样清晰,4.0,32.0,1.0
772909,粒粒的小人国,46431574,2025-09-24 05:33:32,5,369435617,阿岁,Android 设备,,[],[],我天，这个游戏画风好可爱,,1.0,
772909,粒粒的小人国,46431537,2025-09-24 05:29:06,5,452705543,干脆面君,Honor 90,,[],[],什么时候上线啊，好想玩。玩过心动小镇，太氪了，有的操作也鸡肋。画风饱和度高，色调刺眼玩不来，想玩这个。不过你的人模，腿好瘦啊，感觉有点头重脚轻，我觉得还挺影响感官的,4.0,18.0,3.0
772909,粒粒的小人国,46431486,2025-09-24 05:20:31,5,13992008,路人甲,iPhone 16 Pro Max,,[],[],必须是很惊喜的游戏，很像独立游戏 双人成森,1.0,,1.0
772909,粒粒的小人国,46431405,2025-09-24 05:05:12,5,651002369,Shine.,Android 设备,,[],[],画风好可爱，想玩,,,1.0
772909,粒粒的小人国,46431397,2025-09-24 05:04:01,5,60899224,繁星某某,一加手机Ace 5至尊版,,[],[],小人国设定超级可爱啊！快快上线！！！我要盖房子，采集花粉晨露！我要玩过家家！我要玩换装！！！,1.0,10.0,1.0
772909,粒粒的小人国,46431335,2025-09-24 04:55:27,5,30492652,jion,红米 K70,,[],[],啥时候公测，真的好心动，希望玩法多一点不要浪费画风了😼,,,1.0
772909,粒粒的小人国,46431331,2025-09-24 04:55:06,5,611798158,观火,Redmi K60,,[],[],什么时候开服啊！好想玩😆😆,,,1.0
772909,粒粒的小人国,46431303,2025-09-24 04:51:38,5,594049374,小熊幢糖,小米23076RA4BC,,[],[],期待,,,1.0
772909,粒粒的小人国,46431296,2025-09-24 04:50:47,5,456659175,牧羊猫,Android 设备,,[],[],坐等。真的没游戏玩了啊啊 这人物比心动小镇好看多了,,,1.0
772909,粒粒的小人国,46431124,2025-09-24 04:28:40,5,677171791,头莎味蒲猫猫,Huawei Mate 60 Rs,,[],[],"快点上线吧！就喜欢这种休闲小游戏！
特别是的种田哈哈哈哈哈哈哈
体验一下粒粒皆辛苦的感觉😌",,1.0,
772909,粒粒的小人国,46431056,2025-09-24 04:18:33,5,424969235,欣欣,OPPO Find X8,,[],[],希望价格和王者差不多吧，明码标价不要搞抽奖了，一堆抽奖游戏真的烦死，就算是抽奖游戏也不要保底拉满上k，不然我还不如玩心动小镇都积攒了一年的钱了，希望不要搞一堆摘水果的任务，能买水果最好，你懂我的对吧一定要出氪条啊！一定要和PV一样好看精致啊！一定要有很多新奇好玩的东西但是不能太费脑好吗,1.0,25.0,2.0
772909,粒粒的小人国,46431038,2025-09-24 04:15:31,5,664616218,ntonia,HONOR 200,,[],[],赶紧出吧！呜哇好可爱的画风，介绍的也好有意思，而且本人很喜欢模拟经营，就是希望不要有什么必须过的任务推着我啊啊啊，还是好可爱,1.0,24.0,1.0
772909,粒粒的小人国,46430970,2025-09-24 04:06:38,5,9464039,宝木,OPPO Reno13,,[],[],妈呀是北极光工作室做的呀，期待了期待了！,,3.0,
772909,粒粒的小人国,46430902,2025-09-24 03:55:22,4,699674598,玉米糊ymh,Vivo V2057A,,[],[],感觉画风很可爱就是脸型怪怪的，快上线啊啊心动小镇太氪了,,,
772909,粒粒的小人国,46430886,2025-09-24 03:53:23,5,650772452,笨笨狗,iPad Pro (11-inch) (3rd generation),,[],[],天啊，我一直对《借物小人艾莉缇》这种拇指人巧用人类物品的设定无法抗拒，太萌了好嘛，没想到真的有游戏了！希望可以多一些发掘大物体的其他用途，比如这个手表当挂钟，耳机头戴耳机荡秋千，啊啊啊可爱死了好吗！我的钱包已经蠢蠢欲动了，看看这些场景物品，爱死了！,31.0,290.0,13.0
772909,粒粒的小人国,46430817,2025-09-24 03:42:34,5,436751380,青青, iQOO Neo7 SE,,[],[],什么时候可以玩,,1.0,1.0
772909,粒粒的小人国,46430806,2025-09-24 03:41:41,4,3543999,Sibyl,iPhone 14,,[],[],快来给圈钱小镇上上压力！,,1.0,
772909,粒粒的小人国,46430766,2025-09-24 03:36:32,5,429507935,User429507935,iPhone 11,,[],[],期待,,,1.0
772909,粒粒的小人国,46430701,2025-09-24 03:29:41,5,611207509,丸星凌,Vivo S15 Pro,,[],[],"超期待
某游星推官来了，这个真的超想玩啊！无论是画风建模，还是玩法和人物视角，真的很期待！
快上线！快上线！快上线！",,13.0,1.0
772909,粒粒的小人国,46430609,2025-09-24 03:19:28,5,712132555,林泡芙,小米24117RK2CC,,[],[],这个是手游的吗？,1.0,3.0,1.0
772909,粒粒的小人国,46430594,2025-09-24 03:17:57,5,661498270,淡雅清尘,华为 Mate 30 Pro 5G,,[],[],看起来不错，希望比心动小镇多点玩法,,,
772909,粒粒的小人国,46430439,2025-09-24 02:56:37,5,6418761,柒,Android 设备,,[],[],期待期待，画风可爱好看梦幻人物也可爱，希望出来不要失望，上线必玩！！，希望快点玩到吧～,1.0,11.0,1.0
772909,粒粒的小人国,46430238,2025-09-24 02:31:30,5,118146622,잡았다.,iPhone 13,,[],[],喜欢这个画风！🥰房子建造也很喜欢，这个衣服的精致度也很高！人物也很可爱,,13.0,1.0
772909,粒粒的小人国,46430210,2025-09-24 02:28:29,5,729215644,看你那,Vivo X90,,[],[],好期待好期待，希望定价合理点，和圈钱小镇一样的话拜拜😳,,11.0,1.0
772909,粒粒的小人国,46430117,2025-09-24 02:15:29,5,685537732,番茄鸡蛋面,Vivo X200s,,[],[],快上快上，快上快上，我已经迫不及待了。心动小镇已经给我玩腻了，行动小镇的竞品快快上新，它的内容太少了，你一定要内容多多的，好玩又有趣好吗,4.0,41.0,1.0
772909,粒粒的小人国,46430108,2025-09-24 02:14:33,4,336495423,User336495423,Android 设备,,[],[],既然是小人国，希望能加入搜索大人国的玩法，从人类的房间里搜索到的大的可以填满自己的家，类似于宫崎骏的动漫偷东西的小人阿莉埃蒂，是真真正正的搜索，而不是一个简简单单的进度条，不然这游戏和之前那些种田休闲社交有什么区别，没什么可玩性，早就玩腻了，鹅厂游戏不缺钱的吧，好好做游戏，别天天想着做同质化（抄袭）游戏圈钱。,,76.0,1.0
772909,粒粒的小人国,46429469,2025-09-24 00:18:34,3,654049334,.,iQOO Neo5 SE,,[],[],期待，画风看着不错，只要能做饭钓鱼种田建房就行,,3.0,
772909,粒粒的小人国,46428497,2025-09-23 16:51:06,4,41891299,手机用户41891299,小米Xiaomi 14,,[],[],"心动小镇太氪了，除了抽奖毫无玩法，希望这个别那么氪。
整体画风不错，就是感觉娃脸有点糖糖的，不如心动的可爱",10.0,61.0,4.0
772909,粒粒的小人国,46428031,2025-09-23 15:43:01,5,669703776,咔嚓,iPhone 14 Pro,,[],[],感觉画风很不错诶！和目前已有的模拟经营游戏都不太一样，期待期待,,3.0,
772909,粒粒的小人国,46427736,2025-09-23 15:05:56,3,586021102,三七,Vivo IQOO Z8,,[],[],"感觉画风真的超好看，很治愈，这个小小的可可爱爱的
不过看到是鹅厂出产品，然后就......
观望吧...
希望自己喜欢的一款游戏，能够在未来成为承载个体精神文化世界的作为比较好的IP",1.0,19.0,1.0
772909,粒粒的小人国,46427658,2025-09-23 14:56:30,4,467872310,窈窈,Android 设备,,[],[],希望不要有强制社交任务,5.0,24.0,
772909,粒粒的小人国,46427259,2025-09-23 14:13:31,5,45373449,猫西北,小米15,,[],[],哇哇哇，画风和玩法都好棒啊，尤其是画风，这也太可爱了，我等等等等，一定要快一点上线啊,,14.0,1.0
772909,粒粒的小人国,46426547,2025-09-23 12:54:39,5,738730536,老牛,小米Redmi Note 5,,[],[],最喜欢这种厚涂水彩画风了，有点期待了~,,5.0,
772909,粒粒的小人国,46426151,2025-09-23 12:06:53,5,722604090,机敏的监督,iPhone 16,,[],[],啥时候上啊啊啊啊我一点不想玩米姆米姆哈和心动小镇了 这个看上去真的好可爱🥹,31.0,249.0,4.0
772909,粒粒的小人国,46426125,2025-09-23 12:03:31,5,566879778,吃饭,Vivo IQOO 13,,[],[],PV和图集特别萌，里面的人物建模很精致，都能看到发丝，希望游戏里面也有这个质量，而且看pv和图集场景也有质感，还是挺期待的,3.0,23.0,1.0
